Source,Target,Weight,Description
0:0:0:0,1:0:0:0,1,Inc CO2
0:0:1:0,1:0:1:0,1,Inc CO2
0:0:1:1,1:0:1:1,1,Inc CO2
0:0:2:0,1:0:2:0,1,Inc CO2
0:0:2:1,1:0:2:1,1,Inc CO2
0:0:2:2,1:0:2:2,1,Inc CO2
0:0:3:1,1:0:3:1,1,Inc CO2
0:0:3:2,1:0:3:2,1,Inc CO2
0:0:4:1,1:0:4:1,1,Inc CO2
0:0:4:2,1:0:4:2,1,Inc CO2
0:0:4:3,1:0:4:3,1,Inc CO2
0:1:0:0,1:1:0:0,1,Inc CO2
0:1:1:0,1:1:1:0,1,Inc CO2
0:1:1:1,1:1:1:1,1,Inc CO2
0:1:2:0,1:1:2:0,1,Inc CO2
0:1:2:1,1:1:2:1,1,Inc CO2
0:1:2:2,1:1:2:2,1,Inc CO2
0:1:3:1,1:1:3:1,1,Inc CO2
0:1:3:2,1:1:3:2,1,Inc CO2
0:1:4:1,1:1:4:1,1,Inc CO2
0:1:4:2,1:1:4:2,1,Inc CO2
0:1:4:3,1:1:4:3,1,Inc CO2
0:2:0:0,1:2:0:0,1,Inc CO2
0:2:0:1,1:2:0:1,1,Inc CO2
0:2:1:0,1:2:1:0,1,Inc CO2
0:2:1:1,1:2:1:1,1,Inc CO2
0:2:2:0,1:2:2:0,1,Inc CO2
0:2:2:1,1:2:2:1,1,Inc CO2
0:2:2:2,1:2:2:2,1,Inc CO2
0:2:3:1,1:2:3:1,1,Inc CO2
0:2:3:2,1:2:3:2,1,Inc CO2
0:2:4:1,1:2:4:1,1,Inc CO2
0:2:4:2,1:2:4:2,1,Inc CO2
0:3:0:0,1:3:0:0,1,Inc CO2
0:3:0:1,1:3:0:1,1,Inc CO2
0:3:1:0,1:3:1:0,1,Inc CO2
0:3:1:1,1:3:1:1,1,Inc CO2
0:3:2:0,1:3:2:0,1,Inc CO2
0:3:2:1,1:3:2:1,1,Inc CO2
0:3:2:2,1:3:2:2,1,Inc CO2
0:3:3:1,1:3:3:1,1,Inc CO2
0:3:3:2,1:3:3:2,1,Inc CO2
0:3:4:1,1:3:4:1,1,Inc CO2
0:3:4:2,1:3:4:2,1,Inc CO2
0:4:0:0,1:4:0:0,1,Inc CO2
0:4:0:1,1:4:0:1,1,Inc CO2
0:4:1:0,1:4:1:0,1,Inc CO2
0:4:1:1,1:4:1:1,1,Inc CO2
0:4:2:0,1:4:2:0,1,Inc CO2
0:4:2:1,1:4:2:1,1,Inc CO2
0:4:2:2,1:4:2:2,1,Inc CO2
0:4:3:1,1:4:3:1,1,Inc CO2
0:4:3:2,1:4:3:2,1,Inc CO2
0:4:4:2,1:4:4:2,1,Inc CO2
1:0:0:1,2:0:0:1,1,Inc CO2
1:0:0:2,2:0:0:2,1,Inc CO2
1:0:1:1,2:0:1:1,1,Inc CO2
1:0:1:2,2:0:1:2,1,Inc CO2
1:0:2:1,2:0:2:1,1,Inc CO2
1:0:2:2,2:0:2:2,1,Inc CO2
1:0:2:3,2:0:2:3,1,Inc CO2
1:0:3:1,2:0:3:1,1,Inc CO2
1:0:3:2,2:0:3:2,1,Inc CO2
1:0:3:3,2:0:3:3,1,Inc CO2
1:0:4:2,2:0:4:2,1,Inc CO2
1:0:4:3,2:0:4:3,1,Inc CO2
1:1:0:1,2:1:0:1,1,Inc CO2
1:1:0:2,2:1:0:2,1,Inc CO2
1:1:1:1,2:1:1:1,1,Inc CO2
1:1:1:2,2:1:1:2,1,Inc CO2
1:1:2:1,2:1:2:1,1,Inc CO2
1:1:2:2,2:1:2:2,1,Inc CO2
1:1:2:3,2:1:2:3,1,Inc CO2
1:1:3:1,2:1:3:1,1,Inc CO2
1:1:3:2,2:1:3:2,1,Inc CO2
1:1:3:3,2:1:3:3,1,Inc CO2
1:1:4:2,2:1:4:2,1,Inc CO2
1:1:4:3,2:1:4:3,1,Inc CO2
1:2:0:1,2:2:0:1,1,Inc CO2
1:2:0:2,2:2:0:2,1,Inc CO2
1:2:1:1,2:2:1:1,1,Inc CO2
1:2:1:2,2:2:1:2,1,Inc CO2
1:2:2:1,2:2:2:1,1,Inc CO2
1:2:2:2,2:2:2:2,1,Inc CO2
1:2:2:3,2:2:2:3,1,Inc CO2
1:2:3:1,2:2:3:1,1,Inc CO2
1:2:3:2,2:2:3:2,1,Inc CO2
1:2:3:3,2:2:3:3,1,Inc CO2
1:2:4:2,2:2:4:2,1,Inc CO2
1:2:4:3,2:2:4:3,1,Inc CO2
1:3:0:1,2:3:0:1,1,Inc CO2
1:3:0:2,2:3:0:2,1,Inc CO2
1:3:1:1,2:3:1:1,1,Inc CO2
1:3:1:2,2:3:1:2,1,Inc CO2
1:3:2:1,2:3:2:1,1,Inc CO2
1:3:2:2,2:3:2:2,1,Inc CO2
1:3:2:3,2:3:2:3,1,Inc CO2
1:3:3:1,2:3:3:1,1,Inc CO2
1:3:3:2,2:3:3:2,1,Inc CO2
1:3:3:3,2:3:3:3,1,Inc CO2
1:3:4:2,2:3:4:2,1,Inc CO2
1:3:4:3,2:3:4:3,1,Inc CO2
1:4:0:1,2:4:0:1,1,Inc CO2
1:4:0:2,2:4:0:2,1,Inc CO2
1:4:1:1,2:4:1:1,1,Inc CO2
1:4:1:2,2:4:1:2,1,Inc CO2
1:4:2:1,2:4:2:1,1,Inc CO2
1:4:2:2,2:4:2:2,1,Inc CO2
1:4:2:3,2:4:2:3,1,Inc CO2
1:4:3:1,2:4:3:1,1,Inc CO2
1:4:3:2,2:4:3:2,1,Inc CO2
1:4:3:3,2:4:3:3,1,Inc CO2
1:4:4:3,2:4:4:3,1,Inc CO2
2:0:0:2,3:0:0:2,1,Inc CO2
2:0:0:3,3:0:0:3,1,Inc CO2
2:0:1:2,3:0:1:2,1,Inc CO2
2:0:1:3,3:0:1:3,1,Inc CO2
2:0:2:2,3:0:2:2,1,Inc CO2
2:0:2:3,3:0:2:3,1,Inc CO2
2:0:2:4,3:0:2:4,1,Inc CO2
2:0:3:2,3:0:3:2,1,Inc CO2
2:0:3:3,3:0:3:3,1,Inc CO2
2:0:3:4,3:0:3:4,1,Inc CO2
2:0:4:2,3:0:4:2,1,Inc CO2
2:0:4:3,3:0:4:3,1,Inc CO2
2:0:4:4,3:0:4:4,1,Inc CO2
2:1:0:2,3:1:0:2,1,Inc CO2
2:1:0:3,3:1:0:3,1,Inc CO2
2:1:1:2,3:1:1:2,1,Inc CO2
2:1:1:3,3:1:1:3,1,Inc CO2
2:1:2:2,3:1:2:2,1,Inc CO2
2:1:2:3,3:1:2:3,1,Inc CO2
2:1:2:4,3:1:2:4,1,Inc CO2
2:1:3:2,3:1:3:2,1,Inc CO2
2:1:3:3,3:1:3:3,1,Inc CO2
2:1:3:4,3:1:3:4,1,Inc CO2
2:1:4:2,3:1:4:2,1,Inc CO2
2:1:4:3,3:1:4:3,1,Inc CO2
2:1:4:4,3:1:4:4,1,Inc CO2
2:2:0:2,3:2:0:2,1,Inc CO2
2:2:0:3,3:2:0:3,1,Inc CO2
2:2:1:2,3:2:1:2,1,Inc CO2
2:2:1:3,3:2:1:3,1,Inc CO2
2:2:2:2,3:2:2:2,1,Inc CO2
2:2:2:3,3:2:2:3,1,Inc CO2
2:2:2:4,3:2:2:4,1,Inc CO2
2:2:3:2,3:2:3:2,1,Inc CO2
2:2:3:3,3:2:3:3,1,Inc CO2
2:2:3:4,3:2:3:4,1,Inc CO2
2:2:4:2,3:2:4:2,1,Inc CO2
2:2:4:3,3:2:4:3,1,Inc CO2
2:2:4:4,3:2:4:4,1,Inc CO2
2:3:0:2,3:3:0:2,1,Inc CO2
2:3:0:3,3:3:0:3,1,Inc CO2
2:3:1:2,3:3:1:2,1,Inc CO2
2:3:1:3,3:3:1:3,1,Inc CO2
2:3:2:2,3:3:2:2,1,Inc CO2
2:3:2:3,3:3:2:3,1,Inc CO2
2:3:2:4,3:3:2:4,1,Inc CO2
2:3:3:2,3:3:3:2,1,Inc CO2
2:3:3:3,3:3:3:3,1,Inc CO2
2:3:3:4,3:3:3:4,1,Inc CO2
2:3:4:2,3:3:4:2,1,Inc CO2
2:3:4:3,3:3:4:3,1,Inc CO2
2:3:4:4,3:3:4:4,1,Inc CO2
2:4:0:2,3:4:0:2,1,Inc CO2
2:4:0:3,3:4:0:3,1,Inc CO2
2:4:1:2,3:4:1:2,1,Inc CO2
2:4:1:3,3:4:1:3,1,Inc CO2
2:4:2:2,3:4:2:2,1,Inc CO2
2:4:2:3,3:4:2:3,1,Inc CO2
2:4:3:2,3:4:3:2,1,Inc CO2
2:4:3:3,3:4:3:3,1,Inc CO2
2:4:4:3,3:4:4:3,1,Inc CO2
3:0:0:3,4:0:0:3,1,Inc CO2
3:0:1:3,4:0:1:3,1,Inc CO2
3:0:1:4,4:0:1:4,1,Inc CO2
3:0:2:3,4:0:2:3,1,Inc CO2
3:0:2:4,4:0:2:4,1,Inc CO2
3:0:3:3,4:0:3:3,1,Inc CO2
3:0:3:4,4:0:3:4,1,Inc CO2
3:0:4:3,4:0:4:3,1,Inc CO2
3:0:4:4,4:0:4:4,1,Inc CO2
3:1:0:3,4:1:0:3,1,Inc CO2
3:1:0:4,4:1:0:4,1,Inc CO2
3:1:1:3,4:1:1:3,1,Inc CO2
3:1:1:4,4:1:1:4,1,Inc CO2
3:1:2:3,4:1:2:3,1,Inc CO2
3:1:2:4,4:1:2:4,1,Inc CO2
3:1:3:3,4:1:3:3,1,Inc CO2
3:1:3:4,4:1:3:4,1,Inc CO2
3:1:4:3,4:1:4:3,1,Inc CO2
3:1:4:4,4:1:4:4,1,Inc CO2
3:2:0:3,4:2:0:3,1,Inc CO2
3:2:0:4,4:2:0:4,1,Inc CO2
3:2:1:3,4:2:1:3,1,Inc CO2
3:2:1:4,4:2:1:4,1,Inc CO2
3:2:2:3,4:2:2:3,1,Inc CO2
3:2:2:4,4:2:2:4,1,Inc CO2
3:2:3:3,4:2:3:3,1,Inc CO2
3:2:3:4,4:2:3:4,1,Inc CO2
3:2:4:3,4:2:4:3,1,Inc CO2
3:2:4:4,4:2:4:4,1,Inc CO2
3:3:0:3,4:3:0:3,1,Inc CO2
3:3:0:4,4:3:0:4,1,Inc CO2
3:3:1:3,4:3:1:3,1,Inc CO2
3:3:1:4,4:3:1:4,1,Inc CO2
3:3:2:3,4:3:2:3,1,Inc CO2
3:3:2:4,4:3:2:4,1,Inc CO2
3:3:3:3,4:3:3:3,1,Inc CO2
3:3:3:4,4:3:3:4,1,Inc CO2
3:3:4:3,4:3:4:3,1,Inc CO2
3:3:4:4,4:3:4:4,1,Inc CO2
3:4:0:3,4:4:0:3,1,Inc CO2
3:4:1:3,4:4:1:3,1,Inc CO2
3:4:1:4,4:4:1:4,1,Inc CO2
3:4:2:3,4:4:2:3,1,Inc CO2
3:4:2:4,4:4:2:4,1,Inc CO2
3:4:3:3,4:4:3:3,1,Inc CO2
3:4:3:4,4:4:3:4,1,Inc CO2
0:0:0:0,0:1:0:0,1,Inc Time
0:0:1:0,0:1:1:0,1,Inc Time
0:0:1:1,0:1:1:1,1,Inc Time
0:0:2:0,0:1:2:0,1,Inc Time
0:0:2:1,0:1:2:1,1,Inc Time
0:0:2:2,0:1:2:2,1,Inc Time
0:0:3:0,0:1:3:0,1,Inc Time
0:0:3:1,0:1:3:1,1,Inc Time
0:0:3:2,0:1:3:2,1,Inc Time
0:0:4:1,0:1:4:1,1,Inc Time
0:0:4:2,0:1:4:2,1,Inc Time
0:0:4:3,0:1:4:3,1,Inc Time
0:1:0:0,0:2:0:0,1,Inc Time
0:1:1:0,0:2:1:0,1,Inc Time
0:1:1:1,0:2:1:1,1,Inc Time
0:1:2:0,0:2:2:0,1,Inc Time
0:1:2:1,0:2:2:1,1,Inc Time
0:1:2:2,0:2:2:2,1,Inc Time
0:1:3:0,0:2:3:0,1,Inc Time
0:1:3:1,0:2:3:1,1,Inc Time
0:1:3:2,0:2:3:2,1,Inc Time
0:1:4:1,0:2:4:1,1,Inc Time
0:1:4:2,0:2:4:2,1,Inc Time
0:2:0:0,0:3:0:0,1,Inc Time
0:2:0:1,0:3:0:1,1,Inc Time
0:2:1:0,0:3:1:0,1,Inc Time
0:2:1:1,0:3:1:1,1,Inc Time
0:2:2:0,0:3:2:0,1,Inc Time
0:2:2:1,0:3:2:1,1,Inc Time
0:2:2:2,0:3:2:2,1,Inc Time
0:2:3:0,0:3:3:0,1,Inc Time
0:2:3:1,0:3:3:1,1,Inc Time
0:2:3:2,0:3:3:2,1,Inc Time
0:2:4:1,0:3:4:1,1,Inc Time
0:2:4:2,0:3:4:2,1,Inc Time
0:3:0:0,0:4:0:0,1,Inc Time
0:3:0:1,0:4:0:1,1,Inc Time
0:3:1:0,0:4:1:0,1,Inc Time
0:3:1:1,0:4:1:1,1,Inc Time
0:3:2:0,0:4:2:0,1,Inc Time
0:3:2:1,0:4:2:1,1,Inc Time
0:3:2:2,0:4:2:2,1,Inc Time
0:3:3:1,0:4:3:1,1,Inc Time
0:3:3:2,0:4:3:2,1,Inc Time
0:3:4:1,0:4:4:1,1,Inc Time
0:3:4:2,0:4:4:2,1,Inc Time
1:0:0:0,1:1:0:0,1,Inc Time
1:0:0:1,1:1:0:1,1,Inc Time
1:0:0:2,1:1:0:2,1,Inc Time
1:0:1:0,1:1:1:0,1,Inc Time
1:0:1:1,1:1:1:1,1,Inc Time
1:0:1:2,1:1:1:2,1,Inc Time
1:0:2:0,1:1:2:0,1,Inc Time
1:0:2:1,1:1:2:1,1,Inc Time
1:0:2:2,1:1:2:2,1,Inc Time
1:0:2:3,1:1:2:3,1,Inc Time
1:0:3:1,1:1:3:1,1,Inc Time
1:0:3:2,1:1:3:2,1,Inc Time
1:0:3:3,1:1:3:3,1,Inc Time
1:0:4:1,1:1:4:1,1,Inc Time
1:0:4:2,1:1:4:2,1,Inc Time
1:0:4:3,1:1:4:3,1,Inc Time
1:1:0:0,1:2:0:0,1,Inc Time
1:1:0:1,1:2:0:1,1,Inc Time
1:1:0:2,1:2:0:2,1,Inc Time
1:1:1:0,1:2:1:0,1,Inc Time
1:1:1:1,1:2:1:1,1,Inc Time
1:1:1:2,1:2:1:2,1,Inc Time
1:1:2:0,1:2:2:0,1,Inc Time
1:1:2:1,1:2:2:1,1,Inc Time
1:1:2:2,1:2:2:2,1,Inc Time
1:1:2:3,1:2:2:3,1,Inc Time
1:1:3:1,1:2:3:1,1,Inc Time
1:1:3:2,1:2:3:2,1,Inc Time
1:1:3:3,1:2:3:3,1,Inc Time
1:1:4:1,1:2:4:1,1,Inc Time
1:1:4:2,1:2:4:2,1,Inc Time
1:1:4:3,1:2:4:3,1,Inc Time
1:2:0:0,1:3:0:0,1,Inc Time
1:2:0:1,1:3:0:1,1,Inc Time
1:2:0:2,1:3:0:2,1,Inc Time
1:2:1:0,1:3:1:0,1,Inc Time
1:2:1:1,1:3:1:1,1,Inc Time
1:2:1:2,1:3:1:2,1,Inc Time
1:2:2:0,1:3:2:0,1,Inc Time
1:2:2:1,1:3:2:1,1,Inc Time
1:2:2:2,1:3:2:2,1,Inc Time
1:2:2:3,1:3:2:3,1,Inc Time
1:2:3:1,1:3:3:1,1,Inc Time
1:2:3:2,1:3:3:2,1,Inc Time
1:2:3:3,1:3:3:3,1,Inc Time
1:2:4:1,1:3:4:1,1,Inc Time
1:2:4:2,1:3:4:2,1,Inc Time
1:2:4:3,1:3:4:3,1,Inc Time
1:3:0:0,1:4:0:0,1,Inc Time
1:3:0:1,1:4:0:1,1,Inc Time
1:3:0:2,1:4:0:2,1,Inc Time
1:3:1:0,1:4:1:0,1,Inc Time
1:3:1:1,1:4:1:1,1,Inc Time
1:3:1:2,1:4:1:2,1,Inc Time
1:3:2:0,1:4:2:0,1,Inc Time
1:3:2:1,1:4:2:1,1,Inc Time
1:3:2:2,1:4:2:2,1,Inc Time
1:3:2:3,1:4:2:3,1,Inc Time
1:3:3:1,1:4:3:1,1,Inc Time
1:3:3:2,1:4:3:2,1,Inc Time
1:3:3:3,1:4:3:3,1,Inc Time
1:3:4:2,1:4:4:2,1,Inc Time
1:3:4:3,1:4:4:3,1,Inc Time
2:0:0:1,2:1:0:1,1,Inc Time
2:0:0:2,2:1:0:2,1,Inc Time
2:0:0:3,2:1:0:3,1,Inc Time
2:0:1:1,2:1:1:1,1,Inc Time
2:0:1:2,2:1:1:2,1,Inc Time
2:0:1:3,2:1:1:3,1,Inc Time
2:0:2:1,2:1:2:1,1,Inc Time
2:0:2:2,2:1:2:2,1,Inc Time
2:0:2:3,2:1:2:3,1,Inc Time
2:0:2:4,2:1:2:4,1,Inc Time
2:0:3:1,2:1:3:1,1,Inc Time
2:0:3:2,2:1:3:2,1,Inc Time
2:0:3:3,2:1:3:3,1,Inc Time
2:0:3:4,2:1:3:4,1,Inc Time
2:0:4:2,2:1:4:2,1,Inc Time
2:0:4:3,2:1:4:3,1,Inc Time
2:0:4:4,2:1:4:4,1,Inc Time
2:1:0:1,2:2:0:1,1,Inc Time
2:1:0:2,2:2:0:2,1,Inc Time
2:1:0:3,2:2:0:3,1,Inc Time
2:1:1:1,2:2:1:1,1,Inc Time
2:1:1:2,2:2:1:2,1,Inc Time
2:1:1:3,2:2:1:3,1,Inc Time
2:1:2:1,2:2:2:1,1,Inc Time
2:1:2:2,2:2:2:2,1,Inc Time
2:1:2:3,2:2:2:3,1,Inc Time
2:1:2:4,2:2:2:4,1,Inc Time
2:1:3:1,2:2:3:1,1,Inc Time
2:1:3:2,2:2:3:2,1,Inc Time
2:1:3:3,2:2:3:3,1,Inc Time
2:1:3:4,2:2:3:4,1,Inc Time
2:1:4:2,2:2:4:2,1,Inc Time
2:1:4:3,2:2:4:3,1,Inc Time
2:1:4:4,2:2:4:4,1,Inc Time
2:2:0:1,2:3:0:1,1,Inc Time
2:2:0:2,2:3:0:2,1,Inc Time
2:2:0:3,2:3:0:3,1,Inc Time
2:2:1:1,2:3:1:1,1,Inc Time
2:2:1:2,2:3:1:2,1,Inc Time
2:2:1:3,2:3:1:3,1,Inc Time
2:2:2:1,2:3:2:1,1,Inc Time
2:2:2:2,2:3:2:2,1,Inc Time
2:2:2:3,2:3:2:3,1,Inc Time
2:2:2:4,2:3:2:4,1,Inc Time
2:2:3:1,2:3:3:1,1,Inc Time
2:2:3:2,2:3:3:2,1,Inc Time
2:2:3:3,2:3:3:3,1,Inc Time
2:2:3:4,2:3:3:4,1,Inc Time
2:2:4:2,2:3:4:2,1,Inc Time
2:2:4:3,2:3:4:3,1,Inc Time
2:2:4:4,2:3:4:4,1,Inc Time
2:3:0:1,2:4:0:1,1,Inc Time
2:3:0:2,2:4:0:2,1,Inc Time
2:3:0:3,2:4:0:3,1,Inc Time
2:3:1:1,2:4:1:1,1,Inc Time
2:3:1:2,2:4:1:2,1,Inc Time
2:3:1:3,2:4:1:3,1,Inc Time
2:3:2:1,2:4:2:1,1,Inc Time
2:3:2:2,2:4:2:2,1,Inc Time
2:3:2:3,2:4:2:3,1,Inc Time
2:3:3:1,2:4:3:1,1,Inc Time
2:3:3:2,2:4:3:2,1,Inc Time
2:3:3:3,2:4:3:3,1,Inc Time
2:3:4:3,2:4:4:3,1,Inc Time
3:0:0:2,3:1:0:2,1,Inc Time
3:0:0:3,3:1:0:3,1,Inc Time
3:0:1:2,3:1:1:2,1,Inc Time
3:0:1:3,3:1:1:3,1,Inc Time
3:0:1:4,3:1:1:4,1,Inc Time
3:0:2:2,3:1:2:2,1,Inc Time
3:0:2:3,3:1:2:3,1,Inc Time
3:0:2:4,3:1:2:4,1,Inc Time
3:0:3:2,3:1:3:2,1,Inc Time
3:0:3:3,3:1:3:3,1,Inc Time
3:0:3:4,3:1:3:4,1,Inc Time
3:0:4:2,3:1:4:2,1,Inc Time
3:0:4:3,3:1:4:3,1,Inc Time
3:0:4:4,3:1:4:4,1,Inc Time
3:1:0:2,3:2:0:2,1,Inc Time
3:1:0:3,3:2:0:3,1,Inc Time
3:1:0:4,3:2:0:4,1,Inc Time
3:1:1:2,3:2:1:2,1,Inc Time
3:1:1:3,3:2:1:3,1,Inc Time
3:1:1:4,3:2:1:4,1,Inc Time
3:1:2:2,3:2:2:2,1,Inc Time
3:1:2:3,3:2:2:3,1,Inc Time
3:1:2:4,3:2:2:4,1,Inc Time
3:1:3:2,3:2:3:2,1,Inc Time
3:1:3:3,3:2:3:3,1,Inc Time
3:1:3:4,3:2:3:4,1,Inc Time
3:1:4:2,3:2:4:2,1,Inc Time
3:1:4:3,3:2:4:3,1,Inc Time
3:1:4:4,3:2:4:4,1,Inc Time
3:2:0:2,3:3:0:2,1,Inc Time
3:2:0:3,3:3:0:3,1,Inc Time
3:2:0:4,3:3:0:4,1,Inc Time
3:2:1:2,3:3:1:2,1,Inc Time
3:2:1:3,3:3:1:3,1,Inc Time
3:2:1:4,3:3:1:4,1,Inc Time
3:2:2:2,3:3:2:2,1,Inc Time
3:2:2:3,3:3:2:3,1,Inc Time
3:2:2:4,3:3:2:4,1,Inc Time
3:2:3:2,3:3:3:2,1,Inc Time
3:2:3:3,3:3:3:3,1,Inc Time
3:2:3:4,3:3:3:4,1,Inc Time
3:2:4:2,3:3:4:2,1,Inc Time
3:2:4:3,3:3:4:3,1,Inc Time
3:2:4:4,3:3:4:4,1,Inc Time
3:3:0:2,3:4:0:2,1,Inc Time
3:3:0:3,3:4:0:3,1,Inc Time
3:3:1:2,3:4:1:2,1,Inc Time
3:3:1:3,3:4:1:3,1,Inc Time
3:3:1:4,3:4:1:4,1,Inc Time
3:3:2:2,3:4:2:2,1,Inc Time
3:3:2:3,3:4:2:3,1,Inc Time
3:3:2:4,3:4:2:4,1,Inc Time
3:3:3:2,3:4:3:2,1,Inc Time
3:3:3:3,3:4:3:3,1,Inc Time
3:3:3:4,3:4:3:4,1,Inc Time
3:3:4:3,3:4:4:3,1,Inc Time
4:0:0:3,4:1:0:3,1,Inc Time
4:0:0:4,4:1:0:4,1,Inc Time
4:0:1:3,4:1:1:3,1,Inc Time
4:0:1:4,4:1:1:4,1,Inc Time
4:0:2:3,4:1:2:3,1,Inc Time
4:0:2:4,4:1:2:4,1,Inc Time
4:0:3:3,4:1:3:3,1,Inc Time
4:0:3:4,4:1:3:4,1,Inc Time
4:0:4:3,4:1:4:3,1,Inc Time
4:0:4:4,4:1:4:4,1,Inc Time
4:1:0:3,4:2:0:3,1,Inc Time
4:1:0:4,4:2:0:4,1,Inc Time
4:1:1:3,4:2:1:3,1,Inc Time
4:1:1:4,4:2:1:4,1,Inc Time
4:1:2:3,4:2:2:3,1,Inc Time
4:1:2:4,4:2:2:4,1,Inc Time
4:1:3:3,4:2:3:3,1,Inc Time
4:1:3:4,4:2:3:4,1,Inc Time
4:1:4:3,4:2:4:3,1,Inc Time
4:1:4:4,4:2:4:4,1,Inc Time
4:2:0:3,4:3:0:3,1,Inc Time
4:2:0:4,4:3:0:4,1,Inc Time
4:2:1:3,4:3:1:3,1,Inc Time
4:2:1:4,4:3:1:4,1,Inc Time
4:2:2:3,4:3:2:3,1,Inc Time
4:2:2:4,4:3:2:4,1,Inc Time
4:2:3:3,4:3:3:3,1,Inc Time
4:2:3:4,4:3:3:4,1,Inc Time
4:2:4:3,4:3:4:3,1,Inc Time
4:2:4:4,4:3:4:4,1,Inc Time
4:3:0:3,4:4:0:3,1,Inc Time
4:3:0:4,4:4:0:4,1,Inc Time
4:3:1:3,4:4:1:3,1,Inc Time
4:3:1:4,4:4:1:4,1,Inc Time
4:3:2:3,4:4:2:3,1,Inc Time
4:3:2:4,4:4:2:4,1,Inc Time
4:3:3:3,4:4:3:3,1,Inc Time
4:3:3:4,4:4:3:4,1,Inc Time
0:0:1:0,0:0:1:1,1,Inc Running Cost
0:0:2:0,0:0:2:1,1,Inc Running Cost
0:0:2:1,0:0:2:2,1,Inc Running Cost
0:0:3:0,0:0:3:1,1,Inc Running Cost
0:0:3:1,0:0:3:2,1,Inc Running Cost
0:0:4:1,0:0:4:2,1,Inc Running Cost
0:0:4:2,0:0:4:3,1,Inc Running Cost
0:1:1:0,0:1:1:1,1,Inc Running Cost
0:1:2:0,0:1:2:1,1,Inc Running Cost
0:1:2:1,0:1:2:2,1,Inc Running Cost
0:1:3:0,0:1:3:1,1,Inc Running Cost
0:1:3:1,0:1:3:2,1,Inc Running Cost
0:1:4:1,0:1:4:2,1,Inc Running Cost
0:1:4:2,0:1:4:3,1,Inc Running Cost
0:2:0:0,0:2:0:1,1,Inc Running Cost
0:2:1:0,0:2:1:1,1,Inc Running Cost
0:2:2:0,0:2:2:1,1,Inc Running Cost
0:2:2:1,0:2:2:2,1,Inc Running Cost
0:2:3:0,0:2:3:1,1,Inc Running Cost
0:2:3:1,0:2:3:2,1,Inc Running Cost
0:2:4:1,0:2:4:2,1,Inc Running Cost
0:3:0:0,0:3:0:1,1,Inc Running Cost
0:3:1:0,0:3:1:1,1,Inc Running Cost
0:3:2:0,0:3:2:1,1,Inc Running Cost
0:3:2:1,0:3:2:2,1,Inc Running Cost
0:3:3:0,0:3:3:1,1,Inc Running Cost
0:3:3:1,0:3:3:2,1,Inc Running Cost
0:3:4:1,0:3:4:2,1,Inc Running Cost
0:4:0:0,0:4:0:1,1,Inc Running Cost
0:4:1:0,0:4:1:1,1,Inc Running Cost
0:4:2:0,0:4:2:1,1,Inc Running Cost
0:4:2:1,0:4:2:2,1,Inc Running Cost
0:4:3:1,0:4:3:2,1,Inc Running Cost
0:4:4:1,0:4:4:2,1,Inc Running Cost
1:0:0:0,1:0:0:1,1,Inc Running Cost
1:0:0:1,1:0:0:2,1,Inc Running Cost
1:0:1:0,1:0:1:1,1,Inc Running Cost
1:0:1:1,1:0:1:2,1,Inc Running Cost
1:0:2:0,1:0:2:1,1,Inc Running Cost
1:0:2:1,1:0:2:2,1,Inc Running Cost
1:0:2:2,1:0:2:3,1,Inc Running Cost
1:0:3:1,1:0:3:2,1,Inc Running Cost
1:0:3:2,1:0:3:3,1,Inc Running Cost
1:0:4:1,1:0:4:2,1,Inc Running Cost
1:0:4:2,1:0:4:3,1,Inc Running Cost
1:1:0:0,1:1:0:1,1,Inc Running Cost
1:1:0:1,1:1:0:2,1,Inc Running Cost
1:1:1:0,1:1:1:1,1,Inc Running Cost
1:1:1:1,1:1:1:2,1,Inc Running Cost
1:1:2:0,1:1:2:1,1,Inc Running Cost
1:1:2:1,1:1:2:2,1,Inc Running Cost
1:1:2:2,1:1:2:3,1,Inc Running Cost
1:1:3:1,1:1:3:2,1,Inc Running Cost
1:1:3:2,1:1:3:3,1,Inc Running Cost
1:1:4:1,1:1:4:2,1,Inc Running Cost
1:1:4:2,1:1:4:3,1,Inc Running Cost
1:2:0:0,1:2:0:1,1,Inc Running Cost
1:2:0:1,1:2:0:2,1,Inc Running Cost
1:2:1:0,1:2:1:1,1,Inc Running Cost
1:2:1:1,1:2:1:2,1,Inc Running Cost
1:2:2:0,1:2:2:1,1,Inc Running Cost
1:2:2:1,1:2:2:2,1,Inc Running Cost
1:2:2:2,1:2:2:3,1,Inc Running Cost
1:2:3:1,1:2:3:2,1,Inc Running Cost
1:2:3:2,1:2:3:3,1,Inc Running Cost
1:2:4:1,1:2:4:2,1,Inc Running Cost
1:2:4:2,1:2:4:3,1,Inc Running Cost
1:3:0:0,1:3:0:1,1,Inc Running Cost
1:3:0:1,1:3:0:2,1,Inc Running Cost
1:3:1:0,1:3:1:1,1,Inc Running Cost
1:3:1:1,1:3:1:2,1,Inc Running Cost
1:3:2:0,1:3:2:1,1,Inc Running Cost
1:3:2:1,1:3:2:2,1,Inc Running Cost
1:3:2:2,1:3:2:3,1,Inc Running Cost
1:3:3:1,1:3:3:2,1,Inc Running Cost
1:3:3:2,1:3:3:3,1,Inc Running Cost
1:3:4:1,1:3:4:2,1,Inc Running Cost
1:3:4:2,1:3:4:3,1,Inc Running Cost
1:4:0:0,1:4:0:1,1,Inc Running Cost
1:4:0:1,1:4:0:2,1,Inc Running Cost
1:4:1:0,1:4:1:1,1,Inc Running Cost
1:4:1:1,1:4:1:2,1,Inc Running Cost
1:4:2:0,1:4:2:1,1,Inc Running Cost
1:4:2:1,1:4:2:2,1,Inc Running Cost
1:4:2:2,1:4:2:3,1,Inc Running Cost
1:4:3:1,1:4:3:2,1,Inc Running Cost
1:4:3:2,1:4:3:3,1,Inc Running Cost
1:4:4:2,1:4:4:3,1,Inc Running Cost
2:0:0:1,2:0:0:2,1,Inc Running Cost
2:0:0:2,2:0:0:3,1,Inc Running Cost
2:0:1:1,2:0:1:2,1,Inc Running Cost
2:0:1:2,2:0:1:3,1,Inc Running Cost
2:0:2:1,2:0:2:2,1,Inc Running Cost
2:0:2:2,2:0:2:3,1,Inc Running Cost
2:0:2:3,2:0:2:4,1,Inc Running Cost
2:0:3:1,2:0:3:2,1,Inc Running Cost
2:0:3:2,2:0:3:3,1,Inc Running Cost
2:0:3:3,2:0:3:4,1,Inc Running Cost
2:0:4:2,2:0:4:3,1,Inc Running Cost
2:0:4:3,2:0:4:4,1,Inc Running Cost
2:1:0:1,2:1:0:2,1,Inc Running Cost
2:1:0:2,2:1:0:3,1,Inc Running Cost
2:1:1:1,2:1:1:2,1,Inc Running Cost
2:1:1:2,2:1:1:3,1,Inc Running Cost
2:1:2:1,2:1:2:2,1,Inc Running Cost
2:1:2:2,2:1:2:3,1,Inc Running Cost
2:1:2:3,2:1:2:4,1,Inc Running Cost
2:1:3:1,2:1:3:2,1,Inc Running Cost
2:1:3:2,2:1:3:3,1,Inc Running Cost
2:1:3:3,2:1:3:4,1,Inc Running Cost
2:1:4:2,2:1:4:3,1,Inc Running Cost
2:1:4:3,2:1:4:4,1,Inc Running Cost
2:2:0:1,2:2:0:2,1,Inc Running Cost
2:2:0:2,2:2:0:3,1,Inc Running Cost
2:2:1:1,2:2:1:2,1,Inc Running Cost
2:2:1:2,2:2:1:3,1,Inc Running Cost
2:2:2:1,2:2:2:2,1,Inc Running Cost
2:2:2:2,2:2:2:3,1,Inc Running Cost
2:2:2:3,2:2:2:4,1,Inc Running Cost
2:2:3:1,2:2:3:2,1,Inc Running Cost
2:2:3:2,2:2:3:3,1,Inc Running Cost
2:2:3:3,2:2:3:4,1,Inc Running Cost
2:2:4:2,2:2:4:3,1,Inc Running Cost
2:2:4:3,2:2:4:4,1,Inc Running Cost
2:3:0:1,2:3:0:2,1,Inc Running Cost
2:3:0:2,2:3:0:3,1,Inc Running Cost
2:3:1:1,2:3:1:2,1,Inc Running Cost
2:3:1:2,2:3:1:3,1,Inc Running Cost
2:3:2:1,2:3:2:2,1,Inc Running Cost
2:3:2:2,2:3:2:3,1,Inc Running Cost
2:3:2:3,2:3:2:4,1,Inc Running Cost
2:3:3:1,2:3:3:2,1,Inc Running Cost
2:3:3:2,2:3:3:3,1,Inc Running Cost
2:3:3:3,2:3:3:4,1,Inc Running Cost
2:3:4:2,2:3:4:3,1,Inc Running Cost
2:3:4:3,2:3:4:4,1,Inc Running Cost
2:4:0:1,2:4:0:2,1,Inc Running Cost
2:4:0:2,2:4:0:3,1,Inc Running Cost
2:4:1:1,2:4:1:2,1,Inc Running Cost
2:4:1:2,2:4:1:3,1,Inc Running Cost
2:4:2:1,2:4:2:2,1,Inc Running Cost
2:4:2:2,2:4:2:3,1,Inc Running Cost
2:4:3:1,2:4:3:2,1,Inc Running Cost
2:4:3:2,2:4:3:3,1,Inc Running Cost
3:0:0:2,3:0:0:3,1,Inc Running Cost
3:0:1:2,3:0:1:3,1,Inc Running Cost
3:0:1:3,3:0:1:4,1,Inc Running Cost
3:0:2:2,3:0:2:3,1,Inc Running Cost
3:0:2:3,3:0:2:4,1,Inc Running Cost
3:0:3:2,3:0:3:3,1,Inc Running Cost
3:0:3:3,3:0:3:4,1,Inc Running Cost
3:0:4:2,3:0:4:3,1,Inc Running Cost
3:0:4:3,3:0:4:4,1,Inc Running Cost
3:1:0:2,3:1:0:3,1,Inc Running Cost
3:1:0:3,3:1:0:4,1,Inc Running Cost
3:1:1:2,3:1:1:3,1,Inc Running Cost
3:1:1:3,3:1:1:4,1,Inc Running Cost
3:1:2:2,3:1:2:3,1,Inc Running Cost
3:1:2:3,3:1:2:4,1,Inc Running Cost
3:1:3:2,3:1:3:3,1,Inc Running Cost
3:1:3:3,3:1:3:4,1,Inc Running Cost
3:1:4:2,3:1:4:3,1,Inc Running Cost
3:1:4:3,3:1:4:4,1,Inc Running Cost
3:2:0:2,3:2:0:3,1,Inc Running Cost
3:2:0:3,3:2:0:4,1,Inc Running Cost
3:2:1:2,3:2:1:3,1,Inc Running Cost
3:2:1:3,3:2:1:4,1,Inc Running Cost
3:2:2:2,3:2:2:3,1,Inc Running Cost
3:2:2:3,3:2:2:4,1,Inc Running Cost
3:2:3:2,3:2:3:3,1,Inc Running Cost
3:2:3:3,3:2:3:4,1,Inc Running Cost
3:2:4:2,3:2:4:3,1,Inc Running Cost
3:2:4:3,3:2:4:4,1,Inc Running Cost
3:3:0:2,3:3:0:3,1,Inc Running Cost
3:3:0:3,3:3:0:4,1,Inc Running Cost
3:3:1:2,3:3:1:3,1,Inc Running Cost
3:3:1:3,3:3:1:4,1,Inc Running Cost
3:3:2:2,3:3:2:3,1,Inc Running Cost
3:3:2:3,3:3:2:4,1,Inc Running Cost
3:3:3:2,3:3:3:3,1,Inc Running Cost
3:3:3:3,3:3:3:4,1,Inc Running Cost
3:3:4:2,3:3:4:3,1,Inc Running Cost
3:3:4:3,3:3:4:4,1,Inc Running Cost
3:4:0:2,3:4:0:3,1,Inc Running Cost
3:4:1:2,3:4:1:3,1,Inc Running Cost
3:4:1:3,3:4:1:4,1,Inc Running Cost
3:4:2:2,3:4:2:3,1,Inc Running Cost
3:4:2:3,3:4:2:4,1,Inc Running Cost
3:4:3:2,3:4:3:3,1,Inc Running Cost
3:4:3:3,3:4:3:4,1,Inc Running Cost
4:0:0:3,4:0:0:4,1,Inc Running Cost
4:0:1:3,4:0:1:4,1,Inc Running Cost
4:0:2:3,4:0:2:4,1,Inc Running Cost
4:0:3:3,4:0:3:4,1,Inc Running Cost
4:0:4:3,4:0:4:4,1,Inc Running Cost
4:1:0:3,4:1:0:4,1,Inc Running Cost
4:1:1:3,4:1:1:4,1,Inc Running Cost
4:1:2:3,4:1:2:4,1,Inc Running Cost
4:1:3:3,4:1:3:4,1,Inc Running Cost
4:1:4:3,4:1:4:4,1,Inc Running Cost
4:2:0:3,4:2:0:4,1,Inc Running Cost
4:2:1:3,4:2:1:4,1,Inc Running Cost
4:2:2:3,4:2:2:4,1,Inc Running Cost
4:2:3:3,4:2:3:4,1,Inc Running Cost
4:2:4:3,4:2:4:4,1,Inc Running Cost
4:3:0:3,4:3:0:4,1,Inc Running Cost
4:3:1:3,4:3:1:4,1,Inc Running Cost
4:3:2:3,4:3:2:4,1,Inc Running Cost
4:3:3:3,4:3:3:4,1,Inc Running Cost
4:3:4:3,4:3:4:4,1,Inc Running Cost
4:4:0:3,4:4:0:4,1,Inc Running Cost
4:4:1:3,4:4:1:4,1,Inc Running Cost
4:4:2:3,4:4:2:4,1,Inc Running Cost
4:4:3:3,4:4:3:4,1,Inc Running Cost
0:0:0:0,0:0:1:0,1,Inc Fixed Cost
0:0:1:0,0:0:2:0,1,Inc Fixed Cost
0:0:1:1,0:0:2:1,1,Inc Fixed Cost
0:0:2:0,0:0:3:0,1,Inc Fixed Cost
0:0:2:1,0:0:3:1,1,Inc Fixed Cost
0:0:2:2,0:0:3:2,1,Inc Fixed Cost
0:0:3:1,0:0:4:1,1,Inc Fixed Cost
0:0:3:2,0:0:4:2,1,Inc Fixed Cost
0:1:0:0,0:1:1:0,1,Inc Fixed Cost
0:1:1:0,0:1:2:0,1,Inc Fixed Cost
0:1:1:1,0:1:2:1,1,Inc Fixed Cost
0:1:2:0,0:1:3:0,1,Inc Fixed Cost
0:1:2:1,0:1:3:1,1,Inc Fixed Cost
0:1:2:2,0:1:3:2,1,Inc Fixed Cost
0:1:3:1,0:1:4:1,1,Inc Fixed Cost
0:1:3:2,0:1:4:2,1,Inc Fixed Cost
0:2:0:0,0:2:1:0,1,Inc Fixed Cost
0:2:0:1,0:2:1:1,1,Inc Fixed Cost
0:2:1:0,0:2:2:0,1,Inc Fixed Cost
0:2:1:1,0:2:2:1,1,Inc Fixed Cost
0:2:2:0,0:2:3:0,1,Inc Fixed Cost
0:2:2:1,0:2:3:1,1,Inc Fixed Cost
0:2:2:2,0:2:3:2,1,Inc Fixed Cost
0:2:3:1,0:2:4:1,1,Inc Fixed Cost
0:2:3:2,0:2:4:2,1,Inc Fixed Cost
0:3:0:0,0:3:1:0,1,Inc Fixed Cost
0:3:0:1,0:3:1:1,1,Inc Fixed Cost
0:3:1:0,0:3:2:0,1,Inc Fixed Cost
0:3:1:1,0:3:2:1,1,Inc Fixed Cost
0:3:2:0,0:3:3:0,1,Inc Fixed Cost
0:3:2:1,0:3:3:1,1,Inc Fixed Cost
0:3:2:2,0:3:3:2,1,Inc Fixed Cost
0:3:3:1,0:3:4:1,1,Inc Fixed Cost
0:3:3:2,0:3:4:2,1,Inc Fixed Cost
0:4:0:0,0:4:1:0,1,Inc Fixed Cost
0:4:0:1,0:4:1:1,1,Inc Fixed Cost
0:4:1:0,0:4:2:0,1,Inc Fixed Cost
0:4:1:1,0:4:2:1,1,Inc Fixed Cost
0:4:2:1,0:4:3:1,1,Inc Fixed Cost
0:4:2:2,0:4:3:2,1,Inc Fixed Cost
0:4:3:1,0:4:4:1,1,Inc Fixed Cost
0:4:3:2,0:4:4:2,1,Inc Fixed Cost
1:0:0:0,1:0:1:0,1,Inc Fixed Cost
1:0:0:1,1:0:1:1,1,Inc Fixed Cost
1:0:0:2,1:0:1:2,1,Inc Fixed Cost
1:0:1:0,1:0:2:0,1,Inc Fixed Cost
1:0:1:1,1:0:2:1,1,Inc Fixed Cost
1:0:1:2,1:0:2:2,1,Inc Fixed Cost
1:0:2:1,1:0:3:1,1,Inc Fixed Cost
1:0:2:2,1:0:3:2,1,Inc Fixed Cost
1:0:2:3,1:0:3:3,1,Inc Fixed Cost
1:0:3:1,1:0:4:1,1,Inc Fixed Cost
1:0:3:2,1:0:4:2,1,Inc Fixed Cost
1:0:3:3,1:0:4:3,1,Inc Fixed Cost
1:1:0:0,1:1:1:0,1,Inc Fixed Cost
1:1:0:1,1:1:1:1,1,Inc Fixed Cost
1:1:0:2,1:1:1:2,1,Inc Fixed Cost
1:1:1:0,1:1:2:0,1,Inc Fixed Cost
1:1:1:1,1:1:2:1,1,Inc Fixed Cost
1:1:1:2,1:1:2:2,1,Inc Fixed Cost
1:1:2:1,1:1:3:1,1,Inc Fixed Cost
1:1:2:2,1:1:3:2,1,Inc Fixed Cost
1:1:2:3,1:1:3:3,1,Inc Fixed Cost
1:1:3:1,1:1:4:1,1,Inc Fixed Cost
1:1:3:2,1:1:4:2,1,Inc Fixed Cost
1:1:3:3,1:1:4:3,1,Inc Fixed Cost
1:2:0:0,1:2:1:0,1,Inc Fixed Cost
1:2:0:1,1:2:1:1,1,Inc Fixed Cost
1:2:0:2,1:2:1:2,1,Inc Fixed Cost
1:2:1:0,1:2:2:0,1,Inc Fixed Cost
1:2:1:1,1:2:2:1,1,Inc Fixed Cost
1:2:1:2,1:2:2:2,1,Inc Fixed Cost
1:2:2:1,1:2:3:1,1,Inc Fixed Cost
1:2:2:2,1:2:3:2,1,Inc Fixed Cost
1:2:2:3,1:2:3:3,1,Inc Fixed Cost
1:2:3:1,1:2:4:1,1,Inc Fixed Cost
1:2:3:2,1:2:4:2,1,Inc Fixed Cost
1:2:3:3,1:2:4:3,1,Inc Fixed Cost
1:3:0:0,1:3:1:0,1,Inc Fixed Cost
1:3:0:1,1:3:1:1,1,Inc Fixed Cost
1:3:0:2,1:3:1:2,1,Inc Fixed Cost
1:3:1:0,1:3:2:0,1,Inc Fixed Cost
1:3:1:1,1:3:2:1,1,Inc Fixed Cost
1:3:1:2,1:3:2:2,1,Inc Fixed Cost
1:3:2:1,1:3:3:1,1,Inc Fixed Cost
1:3:2:2,1:3:3:2,1,Inc Fixed Cost
1:3:2:3,1:3:3:3,1,Inc Fixed Cost
1:3:3:1,1:3:4:1,1,Inc Fixed Cost
1:3:3:2,1:3:4:2,1,Inc Fixed Cost
1:3:3:3,1:3:4:3,1,Inc Fixed Cost
1:4:0:0,1:4:1:0,1,Inc Fixed Cost
1:4:0:1,1:4:1:1,1,Inc Fixed Cost
1:4:0:2,1:4:1:2,1,Inc Fixed Cost
1:4:1:0,1:4:2:0,1,Inc Fixed Cost
1:4:1:1,1:4:2:1,1,Inc Fixed Cost
1:4:1:2,1:4:2:2,1,Inc Fixed Cost
1:4:2:1,1:4:3:1,1,Inc Fixed Cost
1:4:2:2,1:4:3:2,1,Inc Fixed Cost
1:4:2:3,1:4:3:3,1,Inc Fixed Cost
1:4:3:2,1:4:4:2,1,Inc Fixed Cost
1:4:3:3,1:4:4:3,1,Inc Fixed Cost
2:0:0:1,2:0:1:1,1,Inc Fixed Cost
2:0:0:2,2:0:1:2,1,Inc Fixed Cost
2:0:0:3,2:0:1:3,1,Inc Fixed Cost
2:0:1:1,2:0:2:1,1,Inc Fixed Cost
2:0:1:2,2:0:2:2,1,Inc Fixed Cost
2:0:1:3,2:0:2:3,1,Inc Fixed Cost
2:0:2:1,2:0:3:1,1,Inc Fixed Cost
2:0:2:2,2:0:3:2,1,Inc Fixed Cost
2:0:2:3,2:0:3:3,1,Inc Fixed Cost
2:0:2:4,2:0:3:4,1,Inc Fixed Cost
2:0:3:2,2:0:4:2,1,Inc Fixed Cost
2:0:3:3,2:0:4:3,1,Inc Fixed Cost
2:0:3:4,2:0:4:4,1,Inc Fixed Cost
2:1:0:1,2:1:1:1,1,Inc Fixed Cost
2:1:0:2,2:1:1:2,1,Inc Fixed Cost
2:1:0:3,2:1:1:3,1,Inc Fixed Cost
2:1:1:1,2:1:2:1,1,Inc Fixed Cost
2:1:1:2,2:1:2:2,1,Inc Fixed Cost
2:1:1:3,2:1:2:3,1,Inc Fixed Cost
2:1:2:1,2:1:3:1,1,Inc Fixed Cost
2:1:2:2,2:1:3:2,1,Inc Fixed Cost
2:1:2:3,2:1:3:3,1,Inc Fixed Cost
2:1:2:4,2:1:3:4,1,Inc Fixed Cost
2:1:3:2,2:1:4:2,1,Inc Fixed Cost
2:1:3:3,2:1:4:3,1,Inc Fixed Cost
2:1:3:4,2:1:4:4,1,Inc Fixed Cost
2:2:0:1,2:2:1:1,1,Inc Fixed Cost
2:2:0:2,2:2:1:2,1,Inc Fixed Cost
2:2:0:3,2:2:1:3,1,Inc Fixed Cost
2:2:1:1,2:2:2:1,1,Inc Fixed Cost
2:2:1:2,2:2:2:2,1,Inc Fixed Cost
2:2:1:3,2:2:2:3,1,Inc Fixed Cost
2:2:2:1,2:2:3:1,1,Inc Fixed Cost
2:2:2:2,2:2:3:2,1,Inc Fixed Cost
2:2:2:3,2:2:3:3,1,Inc Fixed Cost
2:2:2:4,2:2:3:4,1,Inc Fixed Cost
2:2:3:2,2:2:4:2,1,Inc Fixed Cost
2:2:3:3,2:2:4:3,1,Inc Fixed Cost
2:2:3:4,2:2:4:4,1,Inc Fixed Cost
2:3:0:1,2:3:1:1,1,Inc Fixed Cost
2:3:0:2,2:3:1:2,1,Inc Fixed Cost
2:3:0:3,2:3:1:3,1,Inc Fixed Cost
2:3:1:1,2:3:2:1,1,Inc Fixed Cost
2:3:1:2,2:3:2:2,1,Inc Fixed Cost
2:3:1:3,2:3:2:3,1,Inc Fixed Cost
2:3:2:1,2:3:3:1,1,Inc Fixed Cost
2:3:2:2,2:3:3:2,1,Inc Fixed Cost
2:3:2:3,2:3:3:3,1,Inc Fixed Cost
2:3:2:4,2:3:3:4,1,Inc Fixed Cost
2:3:3:2,2:3:4:2,1,Inc Fixed Cost
2:3:3:3,2:3:4:3,1,Inc Fixed Cost
2:3:3:4,2:3:4:4,1,Inc Fixed Cost
2:4:0:1,2:4:1:1,1,Inc Fixed Cost
2:4:0:2,2:4:1:2,1,Inc Fixed Cost
2:4:0:3,2:4:1:3,1,Inc Fixed Cost
2:4:1:1,2:4:2:1,1,Inc Fixed Cost
2:4:1:2,2:4:2:2,1,Inc Fixed Cost
2:4:1:3,2:4:2:3,1,Inc Fixed Cost
2:4:2:1,2:4:3:1,1,Inc Fixed Cost
2:4:2:2,2:4:3:2,1,Inc Fixed Cost
2:4:2:3,2:4:3:3,1,Inc Fixed Cost
2:4:3:3,2:4:4:3,1,Inc Fixed Cost
3:0:0:2,3:0:1:2,1,Inc Fixed Cost
3:0:0:3,3:0:1:3,1,Inc Fixed Cost
3:0:1:2,3:0:2:2,1,Inc Fixed Cost
3:0:1:3,3:0:2:3,1,Inc Fixed Cost
3:0:1:4,3:0:2:4,1,Inc Fixed Cost
3:0:2:2,3:0:3:2,1,Inc Fixed Cost
3:0:2:3,3:0:3:3,1,Inc Fixed Cost
3:0:2:4,3:0:3:4,1,Inc Fixed Cost
3:0:3:2,3:0:4:2,1,Inc Fixed Cost
3:0:3:3,3:0:4:3,1,Inc Fixed Cost
3:0:3:4,3:0:4:4,1,Inc Fixed Cost
3:1:0:2,3:1:1:2,1,Inc Fixed Cost
3:1:0:3,3:1:1:3,1,Inc Fixed Cost
3:1:0:4,3:1:1:4,1,Inc Fixed Cost
3:1:1:2,3:1:2:2,1,Inc Fixed Cost
3:1:1:3,3:1:2:3,1,Inc Fixed Cost
3:1:1:4,3:1:2:4,1,Inc Fixed Cost
3:1:2:2,3:1:3:2,1,Inc Fixed Cost
3:1:2:3,3:1:3:3,1,Inc Fixed Cost
3:1:2:4,3:1:3:4,1,Inc Fixed Cost
3:1:3:2,3:1:4:2,1,Inc Fixed Cost
3:1:3:3,3:1:4:3,1,Inc Fixed Cost
3:1:3:4,3:1:4:4,1,Inc Fixed Cost
3:2:0:2,3:2:1:2,1,Inc Fixed Cost
3:2:0:3,3:2:1:3,1,Inc Fixed Cost
3:2:0:4,3:2:1:4,1,Inc Fixed Cost
3:2:1:2,3:2:2:2,1,Inc Fixed Cost
3:2:1:3,3:2:2:3,1,Inc Fixed Cost
3:2:1:4,3:2:2:4,1,Inc Fixed Cost
3:2:2:2,3:2:3:2,1,Inc Fixed Cost
3:2:2:3,3:2:3:3,1,Inc Fixed Cost
3:2:2:4,3:2:3:4,1,Inc Fixed Cost
3:2:3:2,3:2:4:2,1,Inc Fixed Cost
3:2:3:3,3:2:4:3,1,Inc Fixed Cost
3:2:3:4,3:2:4:4,1,Inc Fixed Cost
3:3:0:2,3:3:1:2,1,Inc Fixed Cost
3:3:0:3,3:3:1:3,1,Inc Fixed Cost
3:3:0:4,3:3:1:4,1,Inc Fixed Cost
3:3:1:2,3:3:2:2,1,Inc Fixed Cost
3:3:1:3,3:3:2:3,1,Inc Fixed Cost
3:3:1:4,3:3:2:4,1,Inc Fixed Cost
3:3:2:2,3:3:3:2,1,Inc Fixed Cost
3:3:2:3,3:3:3:3,1,Inc Fixed Cost
3:3:2:4,3:3:3:4,1,Inc Fixed Cost
3:3:3:2,3:3:4:2,1,Inc Fixed Cost
3:3:3:3,3:3:4:3,1,Inc Fixed Cost
3:3:3:4,3:3:4:4,1,Inc Fixed Cost
3:4:0:2,3:4:1:2,1,Inc Fixed Cost
3:4:0:3,3:4:1:3,1,Inc Fixed Cost
3:4:1:2,3:4:2:2,1,Inc Fixed Cost
3:4:1:3,3:4:2:3,1,Inc Fixed Cost
3:4:1:4,3:4:2:4,1,Inc Fixed Cost
3:4:2:2,3:4:3:2,1,Inc Fixed Cost
3:4:2:3,3:4:3:3,1,Inc Fixed Cost
3:4:2:4,3:4:3:4,1,Inc Fixed Cost
3:4:3:3,3:4:4:3,1,Inc Fixed Cost
4:0:0:3,4:0:1:3,1,Inc Fixed Cost
4:0:0:4,4:0:1:4,1,Inc Fixed Cost
4:0:1:3,4:0:2:3,1,Inc Fixed Cost
4:0:1:4,4:0:2:4,1,Inc Fixed Cost
4:0:2:3,4:0:3:3,1,Inc Fixed Cost
4:0:2:4,4:0:3:4,1,Inc Fixed Cost
4:0:3:3,4:0:4:3,1,Inc Fixed Cost
4:0:3:4,4:0:4:4,1,Inc Fixed Cost
4:1:0:3,4:1:1:3,1,Inc Fixed Cost
4:1:0:4,4:1:1:4,1,Inc Fixed Cost
4:1:1:3,4:1:2:3,1,Inc Fixed Cost
4:1:1:4,4:1:2:4,1,Inc Fixed Cost
4:1:2:3,4:1:3:3,1,Inc Fixed Cost
4:1:2:4,4:1:3:4,1,Inc Fixed Cost
4:1:3:3,4:1:4:3,1,Inc Fixed Cost
4:1:3:4,4:1:4:4,1,Inc Fixed Cost
4:2:0:3,4:2:1:3,1,Inc Fixed Cost
4:2:0:4,4:2:1:4,1,Inc Fixed Cost
4:2:1:3,4:2:2:3,1,Inc Fixed Cost
4:2:1:4,4:2:2:4,1,Inc Fixed Cost
4:2:2:3,4:2:3:3,1,Inc Fixed Cost
4:2:2:4,4:2:3:4,1,Inc Fixed Cost
4:2:3:3,4:2:4:3,1,Inc Fixed Cost
4:2:3:4,4:2:4:4,1,Inc Fixed Cost
4:3:0:3,4:3:1:3,1,Inc Fixed Cost
4:3:0:4,4:3:1:4,1,Inc Fixed Cost
4:3:1:3,4:3:2:3,1,Inc Fixed Cost
4:3:1:4,4:3:2:4,1,Inc Fixed Cost
4:3:2:3,4:3:3:3,1,Inc Fixed Cost
4:3:2:4,4:3:3:4,1,Inc Fixed Cost
4:3:3:3,4:3:4:3,1,Inc Fixed Cost
4:3:3:4,4:3:4:4,1,Inc Fixed Cost
4:4:0:3,4:4:1:3,1,Inc Fixed Cost
4:4:0:4,4:4:1:4,1,Inc Fixed Cost
4:4:1:3,4:4:2:3,1,Inc Fixed Cost
4:4:1:4,4:4:2:4,1,Inc Fixed Cost
4:4:2:3,4:4:3:3,1,Inc Fixed Cost
4:4:2:4,4:4:3:4,1,Inc Fixed Cost
1:0:0:0,0:0:0:0,1,Dec CO2
1:0:1:0,0:0:1:0,1,Dec CO2
1:0:1:1,0:0:1:1,1,Dec CO2
1:0:2:0,0:0:2:0,1,Dec CO2
1:0:2:1,0:0:2:1,1,Dec CO2
1:0:2:2,0:0:2:2,1,Dec CO2
1:0:3:1,0:0:3:1,1,Dec CO2
1:0:3:2,0:0:3:2,1,Dec CO2
1:0:4:1,0:0:4:1,1,Dec CO2
1:0:4:2,0:0:4:2,1,Dec CO2
1:0:4:3,0:0:4:3,1,Dec CO2
1:1:0:0,0:1:0:0,1,Dec CO2
1:1:1:0,0:1:1:0,1,Dec CO2
1:1:1:1,0:1:1:1,1,Dec CO2
1:1:2:0,0:1:2:0,1,Dec CO2
1:1:2:1,0:1:2:1,1,Dec CO2
1:1:2:2,0:1:2:2,1,Dec CO2
1:1:3:1,0:1:3:1,1,Dec CO2
1:1:3:2,0:1:3:2,1,Dec CO2
1:1:4:1,0:1:4:1,1,Dec CO2
1:1:4:2,0:1:4:2,1,Dec CO2
1:1:4:3,0:1:4:3,1,Dec CO2
1:2:0:0,0:2:0:0,1,Dec CO2
1:2:0:1,0:2:0:1,1,Dec CO2
1:2:1:0,0:2:1:0,1,Dec CO2
1:2:1:1,0:2:1:1,1,Dec CO2
1:2:2:0,0:2:2:0,1,Dec CO2
1:2:2:1,0:2:2:1,1,Dec CO2
1:2:2:2,0:2:2:2,1,Dec CO2
1:2:3:1,0:2:3:1,1,Dec CO2
1:2:3:2,0:2:3:2,1,Dec CO2
1:2:4:1,0:2:4:1,1,Dec CO2
1:2:4:2,0:2:4:2,1,Dec CO2
1:3:0:0,0:3:0:0,1,Dec CO2
1:3:0:1,0:3:0:1,1,Dec CO2
1:3:1:0,0:3:1:0,1,Dec CO2
1:3:1:1,0:3:1:1,1,Dec CO2
1:3:2:0,0:3:2:0,1,Dec CO2
1:3:2:1,0:3:2:1,1,Dec CO2
1:3:2:2,0:3:2:2,1,Dec CO2
1:3:3:1,0:3:3:1,1,Dec CO2
1:3:3:2,0:3:3:2,1,Dec CO2
1:3:4:1,0:3:4:1,1,Dec CO2
1:3:4:2,0:3:4:2,1,Dec CO2
1:4:0:0,0:4:0:0,1,Dec CO2
1:4:0:1,0:4:0:1,1,Dec CO2
1:4:1:0,0:4:1:0,1,Dec CO2
1:4:1:1,0:4:1:1,1,Dec CO2
1:4:2:0,0:4:2:0,1,Dec CO2
1:4:2:1,0:4:2:1,1,Dec CO2
1:4:2:2,0:4:2:2,1,Dec CO2
1:4:3:1,0:4:3:1,1,Dec CO2
1:4:3:2,0:4:3:2,1,Dec CO2
1:4:4:2,0:4:4:2,1,Dec CO2
2:0:0:1,1:0:0:1,1,Dec CO2
2:0:0:2,1:0:0:2,1,Dec CO2
2:0:1:1,1:0:1:1,1,Dec CO2
2:0:1:2,1:0:1:2,1,Dec CO2
2:0:2:1,1:0:2:1,1,Dec CO2
2:0:2:2,1:0:2:2,1,Dec CO2
2:0:2:3,1:0:2:3,1,Dec CO2
2:0:3:1,1:0:3:1,1,Dec CO2
2:0:3:2,1:0:3:2,1,Dec CO2
2:0:3:3,1:0:3:3,1,Dec CO2
2:0:4:2,1:0:4:2,1,Dec CO2
2:0:4:3,1:0:4:3,1,Dec CO2
2:1:0:1,1:1:0:1,1,Dec CO2
2:1:0:2,1:1:0:2,1,Dec CO2
2:1:1:1,1:1:1:1,1,Dec CO2
2:1:1:2,1:1:1:2,1,Dec CO2
2:1:2:1,1:1:2:1,1,Dec CO2
2:1:2:2,1:1:2:2,1,Dec CO2
2:1:2:3,1:1:2:3,1,Dec CO2
2:1:3:1,1:1:3:1,1,Dec CO2
2:1:3:2,1:1:3:2,1,Dec CO2
2:1:3:3,1:1:3:3,1,Dec CO2
2:1:4:2,1:1:4:2,1,Dec CO2
2:1:4:3,1:1:4:3,1,Dec CO2
2:2:0:1,1:2:0:1,1,Dec CO2
2:2:0:2,1:2:0:2,1,Dec CO2
2:2:1:1,1:2:1:1,1,Dec CO2
2:2:1:2,1:2:1:2,1,Dec CO2
2:2:2:1,1:2:2:1,1,Dec CO2
2:2:2:2,1:2:2:2,1,Dec CO2
2:2:2:3,1:2:2:3,1,Dec CO2
2:2:3:1,1:2:3:1,1,Dec CO2
2:2:3:2,1:2:3:2,1,Dec CO2
2:2:3:3,1:2:3:3,1,Dec CO2
2:2:4:2,1:2:4:2,1,Dec CO2
2:2:4:3,1:2:4:3,1,Dec CO2
2:3:0:1,1:3:0:1,1,Dec CO2
2:3:0:2,1:3:0:2,1,Dec CO2
2:3:1:1,1:3:1:1,1,Dec CO2
2:3:1:2,1:3:1:2,1,Dec CO2
2:3:2:1,1:3:2:1,1,Dec CO2
2:3:2:2,1:3:2:2,1,Dec CO2
2:3:2:3,1:3:2:3,1,Dec CO2
2:3:3:1,1:3:3:1,1,Dec CO2
2:3:3:2,1:3:3:2,1,Dec CO2
2:3:3:3,1:3:3:3,1,Dec CO2
2:3:4:2,1:3:4:2,1,Dec CO2
2:3:4:3,1:3:4:3,1,Dec CO2
2:4:0:1,1:4:0:1,1,Dec CO2
2:4:0:2,1:4:0:2,1,Dec CO2
2:4:1:1,1:4:1:1,1,Dec CO2
2:4:1:2,1:4:1:2,1,Dec CO2
2:4:2:1,1:4:2:1,1,Dec CO2
2:4:2:2,1:4:2:2,1,Dec CO2
2:4:2:3,1:4:2:3,1,Dec CO2
2:4:3:1,1:4:3:1,1,Dec CO2
2:4:3:2,1:4:3:2,1,Dec CO2
2:4:3:3,1:4:3:3,1,Dec CO2
2:4:4:3,1:4:4:3,1,Dec CO2
3:0:0:2,2:0:0:2,1,Dec CO2
3:0:0:3,2:0:0:3,1,Dec CO2
3:0:1:2,2:0:1:2,1,Dec CO2
3:0:1:3,2:0:1:3,1,Dec CO2
3:0:2:2,2:0:2:2,1,Dec CO2
3:0:2:3,2:0:2:3,1,Dec CO2
3:0:2:4,2:0:2:4,1,Dec CO2
3:0:3:2,2:0:3:2,1,Dec CO2
3:0:3:3,2:0:3:3,1,Dec CO2
3:0:3:4,2:0:3:4,1,Dec CO2
3:0:4:2,2:0:4:2,1,Dec CO2
3:0:4:3,2:0:4:3,1,Dec CO2
3:0:4:4,2:0:4:4,1,Dec CO2
3:1:0:2,2:1:0:2,1,Dec CO2
3:1:0:3,2:1:0:3,1,Dec CO2
3:1:1:2,2:1:1:2,1,Dec CO2
3:1:1:3,2:1:1:3,1,Dec CO2
3:1:2:2,2:1:2:2,1,Dec CO2
3:1:2:3,2:1:2:3,1,Dec CO2
3:1:2:4,2:1:2:4,1,Dec CO2
3:1:3:2,2:1:3:2,1,Dec CO2
3:1:3:3,2:1:3:3,1,Dec CO2
3:1:3:4,2:1:3:4,1,Dec CO2
3:1:4:2,2:1:4:2,1,Dec CO2
3:1:4:3,2:1:4:3,1,Dec CO2
3:1:4:4,2:1:4:4,1,Dec CO2
3:2:0:2,2:2:0:2,1,Dec CO2
3:2:0:3,2:2:0:3,1,Dec CO2
3:2:1:2,2:2:1:2,1,Dec CO2
3:2:1:3,2:2:1:3,1,Dec CO2
3:2:2:2,2:2:2:2,1,Dec CO2
3:2:2:3,2:2:2:3,1,Dec CO2
3:2:2:4,2:2:2:4,1,Dec CO2
3:2:3:2,2:2:3:2,1,Dec CO2
3:2:3:3,2:2:3:3,1,Dec CO2
3:2:3:4,2:2:3:4,1,Dec CO2
3:2:4:2,2:2:4:2,1,Dec CO2
3:2:4:3,2:2:4:3,1,Dec CO2
3:2:4:4,2:2:4:4,1,Dec CO2
3:3:0:2,2:3:0:2,1,Dec CO2
3:3:0:3,2:3:0:3,1,Dec CO2
3:3:1:2,2:3:1:2,1,Dec CO2
3:3:1:3,2:3:1:3,1,Dec CO2
3:3:2:2,2:3:2:2,1,Dec CO2
3:3:2:3,2:3:2:3,1,Dec CO2
3:3:2:4,2:3:2:4,1,Dec CO2
3:3:3:2,2:3:3:2,1,Dec CO2
3:3:3:3,2:3:3:3,1,Dec CO2
3:3:3:4,2:3:3:4,1,Dec CO2
3:3:4:2,2:3:4:2,1,Dec CO2
3:3:4:3,2:3:4:3,1,Dec CO2
3:3:4:4,2:3:4:4,1,Dec CO2
3:4:0:2,2:4:0:2,1,Dec CO2
3:4:0:3,2:4:0:3,1,Dec CO2
3:4:1:2,2:4:1:2,1,Dec CO2
3:4:1:3,2:4:1:3,1,Dec CO2
3:4:2:2,2:4:2:2,1,Dec CO2
3:4:2:3,2:4:2:3,1,Dec CO2
3:4:3:2,2:4:3:2,1,Dec CO2
3:4:3:3,2:4:3:3,1,Dec CO2
3:4:4:3,2:4:4:3,1,Dec CO2
4:0:0:3,3:0:0:3,1,Dec CO2
4:0:1:3,3:0:1:3,1,Dec CO2
4:0:1:4,3:0:1:4,1,Dec CO2
4:0:2:3,3:0:2:3,1,Dec CO2
4:0:2:4,3:0:2:4,1,Dec CO2
4:0:3:3,3:0:3:3,1,Dec CO2
4:0:3:4,3:0:3:4,1,Dec CO2
4:0:4:3,3:0:4:3,1,Dec CO2
4:0:4:4,3:0:4:4,1,Dec CO2
4:1:0:3,3:1:0:3,1,Dec CO2
4:1:0:4,3:1:0:4,1,Dec CO2
4:1:1:3,3:1:1:3,1,Dec CO2
4:1:1:4,3:1:1:4,1,Dec CO2
4:1:2:3,3:1:2:3,1,Dec CO2
4:1:2:4,3:1:2:4,1,Dec CO2
4:1:3:3,3:1:3:3,1,Dec CO2
4:1:3:4,3:1:3:4,1,Dec CO2
4:1:4:3,3:1:4:3,1,Dec CO2
4:1:4:4,3:1:4:4,1,Dec CO2
4:2:0:3,3:2:0:3,1,Dec CO2
4:2:0:4,3:2:0:4,1,Dec CO2
4:2:1:3,3:2:1:3,1,Dec CO2
4:2:1:4,3:2:1:4,1,Dec CO2
4:2:2:3,3:2:2:3,1,Dec CO2
4:2:2:4,3:2:2:4,1,Dec CO2
4:2:3:3,3:2:3:3,1,Dec CO2
4:2:3:4,3:2:3:4,1,Dec CO2
4:2:4:3,3:2:4:3,1,Dec CO2
4:2:4:4,3:2:4:4,1,Dec CO2
4:3:0:3,3:3:0:3,1,Dec CO2
4:3:0:4,3:3:0:4,1,Dec CO2
4:3:1:3,3:3:1:3,1,Dec CO2
4:3:1:4,3:3:1:4,1,Dec CO2
4:3:2:3,3:3:2:3,1,Dec CO2
4:3:2:4,3:3:2:4,1,Dec CO2
4:3:3:3,3:3:3:3,1,Dec CO2
4:3:3:4,3:3:3:4,1,Dec CO2
4:3:4:3,3:3:4:3,1,Dec CO2
4:3:4:4,3:3:4:4,1,Dec CO2
4:4:0:3,3:4:0:3,1,Dec CO2
4:4:1:3,3:4:1:3,1,Dec CO2
4:4:1:4,3:4:1:4,1,Dec CO2
4:4:2:3,3:4:2:3,1,Dec CO2
4:4:2:4,3:4:2:4,1,Dec CO2
4:4:3:3,3:4:3:3,1,Dec CO2
4:4:3:4,3:4:3:4,1,Dec CO2
0:0:1:1,0:0:1:0,1,Dec Running Cost
0:0:2:1,0:0:2:0,1,Dec Running Cost
0:0:2:2,0:0:2:1,1,Dec Running Cost
0:0:3:1,0:0:3:0,1,Dec Running Cost
0:0:3:2,0:0:3:1,1,Dec Running Cost
0:0:4:2,0:0:4:1,1,Dec Running Cost
0:0:4:3,0:0:4:2,1,Dec Running Cost
0:1:1:1,0:1:1:0,1,Dec Running Cost
0:1:2:1,0:1:2:0,1,Dec Running Cost
0:1:2:2,0:1:2:1,1,Dec Running Cost
0:1:3:1,0:1:3:0,1,Dec Running Cost
0:1:3:2,0:1:3:1,1,Dec Running Cost
0:1:4:2,0:1:4:1,1,Dec Running Cost
0:1:4:3,0:1:4:2,1,Dec Running Cost
0:2:0:1,0:2:0:0,1,Dec Running Cost
0:2:1:1,0:2:1:0,1,Dec Running Cost
0:2:2:1,0:2:2:0,1,Dec Running Cost
0:2:2:2,0:2:2:1,1,Dec Running Cost
0:2:3:1,0:2:3:0,1,Dec Running Cost
0:2:3:2,0:2:3:1,1,Dec Running Cost
0:2:4:2,0:2:4:1,1,Dec Running Cost
0:3:0:1,0:3:0:0,1,Dec Running Cost
0:3:1:1,0:3:1:0,1,Dec Running Cost
0:3:2:1,0:3:2:0,1,Dec Running Cost
0:3:2:2,0:3:2:1,1,Dec Running Cost
0:3:3:1,0:3:3:0,1,Dec Running Cost
0:3:3:2,0:3:3:1,1,Dec Running Cost
0:3:4:2,0:3:4:1,1,Dec Running Cost
0:4:0:1,0:4:0:0,1,Dec Running Cost
0:4:1:1,0:4:1:0,1,Dec Running Cost
0:4:2:1,0:4:2:0,1,Dec Running Cost
0:4:2:2,0:4:2:1,1,Dec Running Cost
0:4:3:2,0:4:3:1,1,Dec Running Cost
0:4:4:2,0:4:4:1,1,Dec Running Cost
1:0:0:1,1:0:0:0,1,Dec Running Cost
1:0:0:2,1:0:0:1,1,Dec Running Cost
1:0:1:1,1:0:1:0,1,Dec Running Cost
1:0:1:2,1:0:1:1,1,Dec Running Cost
1:0:2:1,1:0:2:0,1,Dec Running Cost
1:0:2:2,1:0:2:1,1,Dec Running Cost
1:0:2:3,1:0:2:2,1,Dec Running Cost
1:0:3:2,1:0:3:1,1,Dec Running Cost
1:0:3:3,1:0:3:2,1,Dec Running Cost
1:0:4:2,1:0:4:1,1,Dec Running Cost
1:0:4:3,1:0:4:2,1,Dec Running Cost
1:1:0:1,1:1:0:0,1,Dec Running Cost
1:1:0:2,1:1:0:1,1,Dec Running Cost
1:1:1:1,1:1:1:0,1,Dec Running Cost
1:1:1:2,1:1:1:1,1,Dec Running Cost
1:1:2:1,1:1:2:0,1,Dec Running Cost
1:1:2:2,1:1:2:1,1,Dec Running Cost
1:1:2:3,1:1:2:2,1,Dec Running Cost
1:1:3:2,1:1:3:1,1,Dec Running Cost
1:1:3:3,1:1:3:2,1,Dec Running Cost
1:1:4:2,1:1:4:1,1,Dec Running Cost
1:1:4:3,1:1:4:2,1,Dec Running Cost
1:2:0:1,1:2:0:0,1,Dec Running Cost
1:2:0:2,1:2:0:1,1,Dec Running Cost
1:2:1:1,1:2:1:0,1,Dec Running Cost
1:2:1:2,1:2:1:1,1,Dec Running Cost
1:2:2:1,1:2:2:0,1,Dec Running Cost
1:2:2:2,1:2:2:1,1,Dec Running Cost
1:2:2:3,1:2:2:2,1,Dec Running Cost
1:2:3:2,1:2:3:1,1,Dec Running Cost
1:2:3:3,1:2:3:2,1,Dec Running Cost
1:2:4:2,1:2:4:1,1,Dec Running Cost
1:2:4:3,1:2:4:2,1,Dec Running Cost
1:3:0:1,1:3:0:0,1,Dec Running Cost
1:3:0:2,1:3:0:1,1,Dec Running Cost
1:3:1:1,1:3:1:0,1,Dec Running Cost
1:3:1:2,1:3:1:1,1,Dec Running Cost
1:3:2:1,1:3:2:0,1,Dec Running Cost
1:3:2:2,1:3:2:1,1,Dec Running Cost
1:3:2:3,1:3:2:2,1,Dec Running Cost
1:3:3:2,1:3:3:1,1,Dec Running Cost
1:3:3:3,1:3:3:2,1,Dec Running Cost
1:3:4:2,1:3:4:1,1,Dec Running Cost
1:3:4:3,1:3:4:2,1,Dec Running Cost
1:4:0:1,1:4:0:0,1,Dec Running Cost
1:4:0:2,1:4:0:1,1,Dec Running Cost
1:4:1:1,1:4:1:0,1,Dec Running Cost
1:4:1:2,1:4:1:1,1,Dec Running Cost
1:4:2:1,1:4:2:0,1,Dec Running Cost
1:4:2:2,1:4:2:1,1,Dec Running Cost
1:4:2:3,1:4:2:2,1,Dec Running Cost
1:4:3:2,1:4:3:1,1,Dec Running Cost
1:4:3:3,1:4:3:2,1,Dec Running Cost
1:4:4:3,1:4:4:2,1,Dec Running Cost
2:0:0:2,2:0:0:1,1,Dec Running Cost
2:0:0:3,2:0:0:2,1,Dec Running Cost
2:0:1:2,2:0:1:1,1,Dec Running Cost
2:0:1:3,2:0:1:2,1,Dec Running Cost
2:0:2:2,2:0:2:1,1,Dec Running Cost
2:0:2:3,2:0:2:2,1,Dec Running Cost
2:0:2:4,2:0:2:3,1,Dec Running Cost
2:0:3:2,2:0:3:1,1,Dec Running Cost
2:0:3:3,2:0:3:2,1,Dec Running Cost
2:0:3:4,2:0:3:3,1,Dec Running Cost
2:0:4:3,2:0:4:2,1,Dec Running Cost
2:0:4:4,2:0:4:3,1,Dec Running Cost
2:1:0:2,2:1:0:1,1,Dec Running Cost
2:1:0:3,2:1:0:2,1,Dec Running Cost
2:1:1:2,2:1:1:1,1,Dec Running Cost
2:1:1:3,2:1:1:2,1,Dec Running Cost
2:1:2:2,2:1:2:1,1,Dec Running Cost
2:1:2:3,2:1:2:2,1,Dec Running Cost
2:1:2:4,2:1:2:3,1,Dec Running Cost
2:1:3:2,2:1:3:1,1,Dec Running Cost
2:1:3:3,2:1:3:2,1,Dec Running Cost
2:1:3:4,2:1:3:3,1,Dec Running Cost
2:1:4:3,2:1:4:2,1,Dec Running Cost
2:1:4:4,2:1:4:3,1,Dec Running Cost
2:2:0:2,2:2:0:1,1,Dec Running Cost
2:2:0:3,2:2:0:2,1,Dec Running Cost
2:2:1:2,2:2:1:1,1,Dec Running Cost
2:2:1:3,2:2:1:2,1,Dec Running Cost
2:2:2:2,2:2:2:1,1,Dec Running Cost
2:2:2:3,2:2:2:2,1,Dec Running Cost
2:2:2:4,2:2:2:3,1,Dec Running Cost
2:2:3:2,2:2:3:1,1,Dec Running Cost
2:2:3:3,2:2:3:2,1,Dec Running Cost
2:2:3:4,2:2:3:3,1,Dec Running Cost
2:2:4:3,2:2:4:2,1,Dec Running Cost
2:2:4:4,2:2:4:3,1,Dec Running Cost
2:3:0:2,2:3:0:1,1,Dec Running Cost
2:3:0:3,2:3:0:2,1,Dec Running Cost
2:3:1:2,2:3:1:1,1,Dec Running Cost
2:3:1:3,2:3:1:2,1,Dec Running Cost
2:3:2:2,2:3:2:1,1,Dec Running Cost
2:3:2:3,2:3:2:2,1,Dec Running Cost
2:3:2:4,2:3:2:3,1,Dec Running Cost
2:3:3:2,2:3:3:1,1,Dec Running Cost
2:3:3:3,2:3:3:2,1,Dec Running Cost
2:3:3:4,2:3:3:3,1,Dec Running Cost
2:3:4:3,2:3:4:2,1,Dec Running Cost
2:3:4:4,2:3:4:3,1,Dec Running Cost
2:4:0:2,2:4:0:1,1,Dec Running Cost
2:4:0:3,2:4:0:2,1,Dec Running Cost
2:4:1:2,2:4:1:1,1,Dec Running Cost
2:4:1:3,2:4:1:2,1,Dec Running Cost
2:4:2:2,2:4:2:1,1,Dec Running Cost
2:4:2:3,2:4:2:2,1,Dec Running Cost
2:4:3:2,2:4:3:1,1,Dec Running Cost
2:4:3:3,2:4:3:2,1,Dec Running Cost
3:0:0:3,3:0:0:2,1,Dec Running Cost
3:0:1:3,3:0:1:2,1,Dec Running Cost
3:0:1:4,3:0:1:3,1,Dec Running Cost
3:0:2:3,3:0:2:2,1,Dec Running Cost
3:0:2:4,3:0:2:3,1,Dec Running Cost
3:0:3:3,3:0:3:2,1,Dec Running Cost
3:0:3:4,3:0:3:3,1,Dec Running Cost
3:0:4:3,3:0:4:2,1,Dec Running Cost
3:0:4:4,3:0:4:3,1,Dec Running Cost
3:1:0:3,3:1:0:2,1,Dec Running Cost
3:1:0:4,3:1:0:3,1,Dec Running Cost
3:1:1:3,3:1:1:2,1,Dec Running Cost
3:1:1:4,3:1:1:3,1,Dec Running Cost
3:1:2:3,3:1:2:2,1,Dec Running Cost
3:1:2:4,3:1:2:3,1,Dec Running Cost
3:1:3:3,3:1:3:2,1,Dec Running Cost
3:1:3:4,3:1:3:3,1,Dec Running Cost
3:1:4:3,3:1:4:2,1,Dec Running Cost
3:1:4:4,3:1:4:3,1,Dec Running Cost
3:2:0:3,3:2:0:2,1,Dec Running Cost
3:2:0:4,3:2:0:3,1,Dec Running Cost
3:2:1:3,3:2:1:2,1,Dec Running Cost
3:2:1:4,3:2:1:3,1,Dec Running Cost
3:2:2:3,3:2:2:2,1,Dec Running Cost
3:2:2:4,3:2:2:3,1,Dec Running Cost
3:2:3:3,3:2:3:2,1,Dec Running Cost
3:2:3:4,3:2:3:3,1,Dec Running Cost
3:2:4:3,3:2:4:2,1,Dec Running Cost
3:2:4:4,3:2:4:3,1,Dec Running Cost
3:3:0:3,3:3:0:2,1,Dec Running Cost
3:3:0:4,3:3:0:3,1,Dec Running Cost
3:3:1:3,3:3:1:2,1,Dec Running Cost
3:3:1:4,3:3:1:3,1,Dec Running Cost
3:3:2:3,3:3:2:2,1,Dec Running Cost
3:3:2:4,3:3:2:3,1,Dec Running Cost
3:3:3:3,3:3:3:2,1,Dec Running Cost
3:3:3:4,3:3:3:3,1,Dec Running Cost
3:3:4:3,3:3:4:2,1,Dec Running Cost
3:3:4:4,3:3:4:3,1,Dec Running Cost
3:4:0:3,3:4:0:2,1,Dec Running Cost
3:4:1:3,3:4:1:2,1,Dec Running Cost
3:4:1:4,3:4:1:3,1,Dec Running Cost
3:4:2:3,3:4:2:2,1,Dec Running Cost
3:4:2:4,3:4:2:3,1,Dec Running Cost
3:4:3:3,3:4:3:2,1,Dec Running Cost
3:4:3:4,3:4:3:3,1,Dec Running Cost
4:0:0:4,4:0:0:3,1,Dec Running Cost
4:0:1:4,4:0:1:3,1,Dec Running Cost
4:0:2:4,4:0:2:3,1,Dec Running Cost
4:0:3:4,4:0:3:3,1,Dec Running Cost
4:0:4:4,4:0:4:3,1,Dec Running Cost
4:1:0:4,4:1:0:3,1,Dec Running Cost
4:1:1:4,4:1:1:3,1,Dec Running Cost
4:1:2:4,4:1:2:3,1,Dec Running Cost
4:1:3:4,4:1:3:3,1,Dec Running Cost
4:1:4:4,4:1:4:3,1,Dec Running Cost
4:2:0:4,4:2:0:3,1,Dec Running Cost
4:2:1:4,4:2:1:3,1,Dec Running Cost
4:2:2:4,4:2:2:3,1,Dec Running Cost
4:2:3:4,4:2:3:3,1,Dec Running Cost
4:2:4:4,4:2:4:3,1,Dec Running Cost
4:3:0:4,4:3:0:3,1,Dec Running Cost
4:3:1:4,4:3:1:3,1,Dec Running Cost
4:3:2:4,4:3:2:3,1,Dec Running Cost
4:3:3:4,4:3:3:3,1,Dec Running Cost
4:3:4:4,4:3:4:3,1,Dec Running Cost
4:4:0:4,4:4:0:3,1,Dec Running Cost
4:4:1:4,4:4:1:3,1,Dec Running Cost
4:4:2:4,4:4:2:3,1,Dec Running Cost
4:4:3:4,4:4:3:3,1,Dec Running Cost
0:0:1:0,0:0:0:0,1,Dec Fixed Cost
0:0:2:0,0:0:1:0,1,Dec Fixed Cost
0:0:2:1,0:0:1:1,1,Dec Fixed Cost
0:0:3:0,0:0:2:0,1,Dec Fixed Cost
0:0:3:1,0:0:2:1,1,Dec Fixed Cost
0:0:3:2,0:0:2:2,1,Dec Fixed Cost
0:0:4:1,0:0:3:1,1,Dec Fixed Cost
0:0:4:2,0:0:3:2,1,Dec Fixed Cost
0:1:1:0,0:1:0:0,1,Dec Fixed Cost
0:1:2:0,0:1:1:0,1,Dec Fixed Cost
0:1:2:1,0:1:1:1,1,Dec Fixed Cost
0:1:3:0,0:1:2:0,1,Dec Fixed Cost
0:1:3:1,0:1:2:1,1,Dec Fixed Cost
0:1:3:2,0:1:2:2,1,Dec Fixed Cost
0:1:4:1,0:1:3:1,1,Dec Fixed Cost
0:1:4:2,0:1:3:2,1,Dec Fixed Cost
0:2:1:0,0:2:0:0,1,Dec Fixed Cost
0:2:1:1,0:2:0:1,1,Dec Fixed Cost
0:2:2:0,0:2:1:0,1,Dec Fixed Cost
0:2:2:1,0:2:1:1,1,Dec Fixed Cost
0:2:3:0,0:2:2:0,1,Dec Fixed Cost
0:2:3:1,0:2:2:1,1,Dec Fixed Cost
0:2:3:2,0:2:2:2,1,Dec Fixed Cost
0:2:4:1,0:2:3:1,1,Dec Fixed Cost
0:2:4:2,0:2:3:2,1,Dec Fixed Cost
0:3:1:0,0:3:0:0,1,Dec Fixed Cost
0:3:1:1,0:3:0:1,1,Dec Fixed Cost
0:3:2:0,0:3:1:0,1,Dec Fixed Cost
0:3:2:1,0:3:1:1,1,Dec Fixed Cost
0:3:3:0,0:3:2:0,1,Dec Fixed Cost
0:3:3:1,0:3:2:1,1,Dec Fixed Cost
0:3:3:2,0:3:2:2,1,Dec Fixed Cost
0:3:4:1,0:3:3:1,1,Dec Fixed Cost
0:3:4:2,0:3:3:2,1,Dec Fixed Cost
0:4:1:0,0:4:0:0,1,Dec Fixed Cost
0:4:1:1,0:4:0:1,1,Dec Fixed Cost
0:4:2:0,0:4:1:0,1,Dec Fixed Cost
0:4:2:1,0:4:1:1,1,Dec Fixed Cost
0:4:3:1,0:4:2:1,1,Dec Fixed Cost
0:4:3:2,0:4:2:2,1,Dec Fixed Cost
0:4:4:1,0:4:3:1,1,Dec Fixed Cost
0:4:4:2,0:4:3:2,1,Dec Fixed Cost
1:0:1:0,1:0:0:0,1,Dec Fixed Cost
1:0:1:1,1:0:0:1,1,Dec Fixed Cost
1:0:1:2,1:0:0:2,1,Dec Fixed Cost
1:0:2:0,1:0:1:0,1,Dec Fixed Cost
1:0:2:1,1:0:1:1,1,Dec Fixed Cost
1:0:2:2,1:0:1:2,1,Dec Fixed Cost
1:0:3:1,1:0:2:1,1,Dec Fixed Cost
1:0:3:2,1:0:2:2,1,Dec Fixed Cost
1:0:3:3,1:0:2:3,1,Dec Fixed Cost
1:0:4:1,1:0:3:1,1,Dec Fixed Cost
1:0:4:2,1:0:3:2,1,Dec Fixed Cost
1:0:4:3,1:0:3:3,1,Dec Fixed Cost
1:1:1:0,1:1:0:0,1,Dec Fixed Cost
1:1:1:1,1:1:0:1,1,Dec Fixed Cost
1:1:1:2,1:1:0:2,1,Dec Fixed Cost
1:1:2:0,1:1:1:0,1,Dec Fixed Cost
1:1:2:1,1:1:1:1,1,Dec Fixed Cost
1:1:2:2,1:1:1:2,1,Dec Fixed Cost
1:1:3:1,1:1:2:1,1,Dec Fixed Cost
1:1:3:2,1:1:2:2,1,Dec Fixed Cost
1:1:3:3,1:1:2:3,1,Dec Fixed Cost
1:1:4:1,1:1:3:1,1,Dec Fixed Cost
1:1:4:2,1:1:3:2,1,Dec Fixed Cost
1:1:4:3,1:1:3:3,1,Dec Fixed Cost
1:2:1:0,1:2:0:0,1,Dec Fixed Cost
1:2:1:1,1:2:0:1,1,Dec Fixed Cost
1:2:1:2,1:2:0:2,1,Dec Fixed Cost
1:2:2:0,1:2:1:0,1,Dec Fixed Cost
1:2:2:1,1:2:1:1,1,Dec Fixed Cost
1:2:2:2,1:2:1:2,1,Dec Fixed Cost
1:2:3:1,1:2:2:1,1,Dec Fixed Cost
1:2:3:2,1:2:2:2,1,Dec Fixed Cost
1:2:3:3,1:2:2:3,1,Dec Fixed Cost
1:2:4:1,1:2:3:1,1,Dec Fixed Cost
1:2:4:2,1:2:3:2,1,Dec Fixed Cost
1:2:4:3,1:2:3:3,1,Dec Fixed Cost
1:3:1:0,1:3:0:0,1,Dec Fixed Cost
1:3:1:1,1:3:0:1,1,Dec Fixed Cost
1:3:1:2,1:3:0:2,1,Dec Fixed Cost
1:3:2:0,1:3:1:0,1,Dec Fixed Cost
1:3:2:1,1:3:1:1,1,Dec Fixed Cost
1:3:2:2,1:3:1:2,1,Dec Fixed Cost
1:3:3:1,1:3:2:1,1,Dec Fixed Cost
1:3:3:2,1:3:2:2,1,Dec Fixed Cost
1:3:3:3,1:3:2:3,1,Dec Fixed Cost
1:3:4:1,1:3:3:1,1,Dec Fixed Cost
1:3:4:2,1:3:3:2,1,Dec Fixed Cost
1:3:4:3,1:3:3:3,1,Dec Fixed Cost
1:4:1:0,1:4:0:0,1,Dec Fixed Cost
1:4:1:1,1:4:0:1,1,Dec Fixed Cost
1:4:1:2,1:4:0:2,1,Dec Fixed Cost
1:4:2:0,1:4:1:0,1,Dec Fixed Cost
1:4:2:1,1:4:1:1,1,Dec Fixed Cost
1:4:2:2,1:4:1:2,1,Dec Fixed Cost
1:4:3:1,1:4:2:1,1,Dec Fixed Cost
1:4:3:2,1:4:2:2,1,Dec Fixed Cost
1:4:3:3,1:4:2:3,1,Dec Fixed Cost
1:4:4:2,1:4:3:2,1,Dec Fixed Cost
1:4:4:3,1:4:3:3,1,Dec Fixed Cost
2:0:1:1,2:0:0:1,1,Dec Fixed Cost
2:0:1:2,2:0:0:2,1,Dec Fixed Cost
2:0:1:3,2:0:0:3,1,Dec Fixed Cost
2:0:2:1,2:0:1:1,1,Dec Fixed Cost
2:0:2:2,2:0:1:2,1,Dec Fixed Cost
2:0:2:3,2:0:1:3,1,Dec Fixed Cost
2:0:3:1,2:0:2:1,1,Dec Fixed Cost
2:0:3:2,2:0:2:2,1,Dec Fixed Cost
2:0:3:3,2:0:2:3,1,Dec Fixed Cost
2:0:3:4,2:0:2:4,1,Dec Fixed Cost
2:0:4:2,2:0:3:2,1,Dec Fixed Cost
2:0:4:3,2:0:3:3,1,Dec Fixed Cost
2:0:4:4,2:0:3:4,1,Dec Fixed Cost
2:1:1:1,2:1:0:1,1,Dec Fixed Cost
2:1:1:2,2:1:0:2,1,Dec Fixed Cost
2:1:1:3,2:1:0:3,1,Dec Fixed Cost
2:1:2:1,2:1:1:1,1,Dec Fixed Cost
2:1:2:2,2:1:1:2,1,Dec Fixed Cost
2:1:2:3,2:1:1:3,1,Dec Fixed Cost
2:1:3:1,2:1:2:1,1,Dec Fixed Cost
2:1:3:2,2:1:2:2,1,Dec Fixed Cost
2:1:3:3,2:1:2:3,1,Dec Fixed Cost
2:1:3:4,2:1:2:4,1,Dec Fixed Cost
2:1:4:2,2:1:3:2,1,Dec Fixed Cost
2:1:4:3,2:1:3:3,1,Dec Fixed Cost
2:1:4:4,2:1:3:4,1,Dec Fixed Cost
2:2:1:1,2:2:0:1,1,Dec Fixed Cost
2:2:1:2,2:2:0:2,1,Dec Fixed Cost
2:2:1:3,2:2:0:3,1,Dec Fixed Cost
2:2:2:1,2:2:1:1,1,Dec Fixed Cost
2:2:2:2,2:2:1:2,1,Dec Fixed Cost
2:2:2:3,2:2:1:3,1,Dec Fixed Cost
2:2:3:1,2:2:2:1,1,Dec Fixed Cost
2:2:3:2,2:2:2:2,1,Dec Fixed Cost
2:2:3:3,2:2:2:3,1,Dec Fixed Cost
2:2:3:4,2:2:2:4,1,Dec Fixed Cost
2:2:4:2,2:2:3:2,1,Dec Fixed Cost
2:2:4:3,2:2:3:3,1,Dec Fixed Cost
2:2:4:4,2:2:3:4,1,Dec Fixed Cost
2:3:1:1,2:3:0:1,1,Dec Fixed Cost
2:3:1:2,2:3:0:2,1,Dec Fixed Cost
2:3:1:3,2:3:0:3,1,Dec Fixed Cost
2:3:2:1,2:3:1:1,1,Dec Fixed Cost
2:3:2:2,2:3:1:2,1,Dec Fixed Cost
2:3:2:3,2:3:1:3,1,Dec Fixed Cost
2:3:3:1,2:3:2:1,1,Dec Fixed Cost
2:3:3:2,2:3:2:2,1,Dec Fixed Cost
2:3:3:3,2:3:2:3,1,Dec Fixed Cost
2:3:3:4,2:3:2:4,1,Dec Fixed Cost
2:3:4:2,2:3:3:2,1,Dec Fixed Cost
2:3:4:3,2:3:3:3,1,Dec Fixed Cost
2:3:4:4,2:3:3:4,1,Dec Fixed Cost
2:4:1:1,2:4:0:1,1,Dec Fixed Cost
2:4:1:2,2:4:0:2,1,Dec Fixed Cost
2:4:1:3,2:4:0:3,1,Dec Fixed Cost
2:4:2:1,2:4:1:1,1,Dec Fixed Cost
2:4:2:2,2:4:1:2,1,Dec Fixed Cost
2:4:2:3,2:4:1:3,1,Dec Fixed Cost
2:4:3:1,2:4:2:1,1,Dec Fixed Cost
2:4:3:2,2:4:2:2,1,Dec Fixed Cost
2:4:3:3,2:4:2:3,1,Dec Fixed Cost
2:4:4:3,2:4:3:3,1,Dec Fixed Cost
3:0:1:2,3:0:0:2,1,Dec Fixed Cost
3:0:1:3,3:0:0:3,1,Dec Fixed Cost
3:0:2:2,3:0:1:2,1,Dec Fixed Cost
3:0:2:3,3:0:1:3,1,Dec Fixed Cost
3:0:2:4,3:0:1:4,1,Dec Fixed Cost
3:0:3:2,3:0:2:2,1,Dec Fixed Cost
3:0:3:3,3:0:2:3,1,Dec Fixed Cost
3:0:3:4,3:0:2:4,1,Dec Fixed Cost
3:0:4:2,3:0:3:2,1,Dec Fixed Cost
3:0:4:3,3:0:3:3,1,Dec Fixed Cost
3:0:4:4,3:0:3:4,1,Dec Fixed Cost
3:1:1:2,3:1:0:2,1,Dec Fixed Cost
3:1:1:3,3:1:0:3,1,Dec Fixed Cost
3:1:1:4,3:1:0:4,1,Dec Fixed Cost
3:1:2:2,3:1:1:2,1,Dec Fixed Cost
3:1:2:3,3:1:1:3,1,Dec Fixed Cost
3:1:2:4,3:1:1:4,1,Dec Fixed Cost
3:1:3:2,3:1:2:2,1,Dec Fixed Cost
3:1:3:3,3:1:2:3,1,Dec Fixed Cost
3:1:3:4,3:1:2:4,1,Dec Fixed Cost
3:1:4:2,3:1:3:2,1,Dec Fixed Cost
3:1:4:3,3:1:3:3,1,Dec Fixed Cost
3:1:4:4,3:1:3:4,1,Dec Fixed Cost
3:2:1:2,3:2:0:2,1,Dec Fixed Cost
3:2:1:3,3:2:0:3,1,Dec Fixed Cost
3:2:1:4,3:2:0:4,1,Dec Fixed Cost
3:2:2:2,3:2:1:2,1,Dec Fixed Cost
3:2:2:3,3:2:1:3,1,Dec Fixed Cost
3:2:2:4,3:2:1:4,1,Dec Fixed Cost
3:2:3:2,3:2:2:2,1,Dec Fixed Cost
3:2:3:3,3:2:2:3,1,Dec Fixed Cost
3:2:3:4,3:2:2:4,1,Dec Fixed Cost
3:2:4:2,3:2:3:2,1,Dec Fixed Cost
3:2:4:3,3:2:3:3,1,Dec Fixed Cost
3:2:4:4,3:2:3:4,1,Dec Fixed Cost
3:3:1:2,3:3:0:2,1,Dec Fixed Cost
3:3:1:3,3:3:0:3,1,Dec Fixed Cost
3:3:1:4,3:3:0:4,1,Dec Fixed Cost
3:3:2:2,3:3:1:2,1,Dec Fixed Cost
3:3:2:3,3:3:1:3,1,Dec Fixed Cost
3:3:2:4,3:3:1:4,1,Dec Fixed Cost
3:3:3:2,3:3:2:2,1,Dec Fixed Cost
3:3:3:3,3:3:2:3,1,Dec Fixed Cost
3:3:3:4,3:3:2:4,1,Dec Fixed Cost
3:3:4:2,3:3:3:2,1,Dec Fixed Cost
3:3:4:3,3:3:3:3,1,Dec Fixed Cost
3:3:4:4,3:3:3:4,1,Dec Fixed Cost
3:4:1:2,3:4:0:2,1,Dec Fixed Cost
3:4:1:3,3:4:0:3,1,Dec Fixed Cost
3:4:2:2,3:4:1:2,1,Dec Fixed Cost
3:4:2:3,3:4:1:3,1,Dec Fixed Cost
3:4:2:4,3:4:1:4,1,Dec Fixed Cost
3:4:3:2,3:4:2:2,1,Dec Fixed Cost
3:4:3:3,3:4:2:3,1,Dec Fixed Cost
3:4:3:4,3:4:2:4,1,Dec Fixed Cost
3:4:4:3,3:4:3:3,1,Dec Fixed Cost
4:0:1:3,4:0:0:3,1,Dec Fixed Cost
4:0:1:4,4:0:0:4,1,Dec Fixed Cost
4:0:2:3,4:0:1:3,1,Dec Fixed Cost
4:0:2:4,4:0:1:4,1,Dec Fixed Cost
4:0:3:3,4:0:2:3,1,Dec Fixed Cost
4:0:3:4,4:0:2:4,1,Dec Fixed Cost
4:0:4:3,4:0:3:3,1,Dec Fixed Cost
4:0:4:4,4:0:3:4,1,Dec Fixed Cost
4:1:1:3,4:1:0:3,1,Dec Fixed Cost
4:1:1:4,4:1:0:4,1,Dec Fixed Cost
4:1:2:3,4:1:1:3,1,Dec Fixed Cost
4:1:2:4,4:1:1:4,1,Dec Fixed Cost
4:1:3:3,4:1:2:3,1,Dec Fixed Cost
4:1:3:4,4:1:2:4,1,Dec Fixed Cost
4:1:4:3,4:1:3:3,1,Dec Fixed Cost
4:1:4:4,4:1:3:4,1,Dec Fixed Cost
4:2:1:3,4:2:0:3,1,Dec Fixed Cost
4:2:1:4,4:2:0:4,1,Dec Fixed Cost
4:2:2:3,4:2:1:3,1,Dec Fixed Cost
4:2:2:4,4:2:1:4,1,Dec Fixed Cost
4:2:3:3,4:2:2:3,1,Dec Fixed Cost
4:2:3:4,4:2:2:4,1,Dec Fixed Cost
4:2:4:3,4:2:3:3,1,Dec Fixed Cost
4:2:4:4,4:2:3:4,1,Dec Fixed Cost
4:3:1:3,4:3:0:3,1,Dec Fixed Cost
4:3:1:4,4:3:0:4,1,Dec Fixed Cost
4:3:2:3,4:3:1:3,1,Dec Fixed Cost
4:3:2:4,4:3:1:4,1,Dec Fixed Cost
4:3:3:3,4:3:2:3,1,Dec Fixed Cost
4:3:3:4,4:3:2:4,1,Dec Fixed Cost
4:3:4:3,4:3:3:3,1,Dec Fixed Cost
4:3:4:4,4:3:3:4,1,Dec Fixed Cost
4:4:1:3,4:4:0:3,1,Dec Fixed Cost
4:4:1:4,4:4:0:4,1,Dec Fixed Cost
4:4:2:3,4:4:1:3,1,Dec Fixed Cost
4:4:2:4,4:4:1:4,1,Dec Fixed Cost
4:4:3:3,4:4:2:3,1,Dec Fixed Cost
4:4:3:4,4:4:2:4,1,Dec Fixed Cost
0:1:0:0,0:0:0:0,1,Dec Time
0:1:1:0,0:0:1:0,1,Dec Time
0:1:1:1,0:0:1:1,1,Dec Time
0:1:2:0,0:0:2:0,1,Dec Time
0:1:2:1,0:0:2:1,1,Dec Time
0:1:2:2,0:0:2:2,1,Dec Time
0:1:3:0,0:0:3:0,1,Dec Time
0:1:3:1,0:0:3:1,1,Dec Time
0:1:3:2,0:0:3:2,1,Dec Time
0:1:4:1,0:0:4:1,1,Dec Time
0:1:4:2,0:0:4:2,1,Dec Time
0:1:4:3,0:0:4:3,1,Dec Time
0:2:0:0,0:1:0:0,1,Dec Time
0:2:1:0,0:1:1:0,1,Dec Time
0:2:1:1,0:1:1:1,1,Dec Time
0:2:2:0,0:1:2:0,1,Dec Time
0:2:2:1,0:1:2:1,1,Dec Time
0:2:2:2,0:1:2:2,1,Dec Time
0:2:3:0,0:1:3:0,1,Dec Time
0:2:3:1,0:1:3:1,1,Dec Time
0:2:3:2,0:1:3:2,1,Dec Time
0:2:4:1,0:1:4:1,1,Dec Time
0:2:4:2,0:1:4:2,1,Dec Time
0:3:0:0,0:2:0:0,1,Dec Time
0:3:0:1,0:2:0:1,1,Dec Time
0:3:1:0,0:2:1:0,1,Dec Time
0:3:1:1,0:2:1:1,1,Dec Time
0:3:2:0,0:2:2:0,1,Dec Time
0:3:2:1,0:2:2:1,1,Dec Time
0:3:2:2,0:2:2:2,1,Dec Time
0:3:3:0,0:2:3:0,1,Dec Time
0:3:3:1,0:2:3:1,1,Dec Time
0:3:3:2,0:2:3:2,1,Dec Time
0:3:4:1,0:2:4:1,1,Dec Time
0:3:4:2,0:2:4:2,1,Dec Time
0:4:0:0,0:3:0:0,1,Dec Time
0:4:0:1,0:3:0:1,1,Dec Time
0:4:1:0,0:3:1:0,1,Dec Time
0:4:1:1,0:3:1:1,1,Dec Time
0:4:2:0,0:3:2:0,1,Dec Time
0:4:2:1,0:3:2:1,1,Dec Time
0:4:2:2,0:3:2:2,1,Dec Time
0:4:3:1,0:3:3:1,1,Dec Time
0:4:3:2,0:3:3:2,1,Dec Time
0:4:4:1,0:3:4:1,1,Dec Time
0:4:4:2,0:3:4:2,1,Dec Time
1:1:0:0,1:0:0:0,1,Dec Time
1:1:0:1,1:0:0:1,1,Dec Time
1:1:0:2,1:0:0:2,1,Dec Time
1:1:1:0,1:0:1:0,1,Dec Time
1:1:1:1,1:0:1:1,1,Dec Time
1:1:1:2,1:0:1:2,1,Dec Time
1:1:2:0,1:0:2:0,1,Dec Time
1:1:2:1,1:0:2:1,1,Dec Time
1:1:2:2,1:0:2:2,1,Dec Time
1:1:2:3,1:0:2:3,1,Dec Time
1:1:3:1,1:0:3:1,1,Dec Time
1:1:3:2,1:0:3:2,1,Dec Time
1:1:3:3,1:0:3:3,1,Dec Time
1:1:4:1,1:0:4:1,1,Dec Time
1:1:4:2,1:0:4:2,1,Dec Time
1:1:4:3,1:0:4:3,1,Dec Time
1:2:0:0,1:1:0:0,1,Dec Time
1:2:0:1,1:1:0:1,1,Dec Time
1:2:0:2,1:1:0:2,1,Dec Time
1:2:1:0,1:1:1:0,1,Dec Time
1:2:1:1,1:1:1:1,1,Dec Time
1:2:1:2,1:1:1:2,1,Dec Time
1:2:2:0,1:1:2:0,1,Dec Time
1:2:2:1,1:1:2:1,1,Dec Time
1:2:2:2,1:1:2:2,1,Dec Time
1:2:2:3,1:1:2:3,1,Dec Time
1:2:3:1,1:1:3:1,1,Dec Time
1:2:3:2,1:1:3:2,1,Dec Time
1:2:3:3,1:1:3:3,1,Dec Time
1:2:4:1,1:1:4:1,1,Dec Time
1:2:4:2,1:1:4:2,1,Dec Time
1:2:4:3,1:1:4:3,1,Dec Time
1:3:0:0,1:2:0:0,1,Dec Time
1:3:0:1,1:2:0:1,1,Dec Time
1:3:0:2,1:2:0:2,1,Dec Time
1:3:1:0,1:2:1:0,1,Dec Time
1:3:1:1,1:2:1:1,1,Dec Time
1:3:1:2,1:2:1:2,1,Dec Time
1:3:2:0,1:2:2:0,1,Dec Time
1:3:2:1,1:2:2:1,1,Dec Time
1:3:2:2,1:2:2:2,1,Dec Time
1:3:2:3,1:2:2:3,1,Dec Time
1:3:3:1,1:2:3:1,1,Dec Time
1:3:3:2,1:2:3:2,1,Dec Time
1:3:3:3,1:2:3:3,1,Dec Time
1:3:4:1,1:2:4:1,1,Dec Time
1:3:4:2,1:2:4:2,1,Dec Time
1:3:4:3,1:2:4:3,1,Dec Time
1:4:0:0,1:3:0:0,1,Dec Time
1:4:0:1,1:3:0:1,1,Dec Time
1:4:0:2,1:3:0:2,1,Dec Time
1:4:1:0,1:3:1:0,1,Dec Time
1:4:1:1,1:3:1:1,1,Dec Time
1:4:1:2,1:3:1:2,1,Dec Time
1:4:2:0,1:3:2:0,1,Dec Time
1:4:2:1,1:3:2:1,1,Dec Time
1:4:2:2,1:3:2:2,1,Dec Time
1:4:2:3,1:3:2:3,1,Dec Time
1:4:3:1,1:3:3:1,1,Dec Time
1:4:3:2,1:3:3:2,1,Dec Time
1:4:3:3,1:3:3:3,1,Dec Time
1:4:4:2,1:3:4:2,1,Dec Time
1:4:4:3,1:3:4:3,1,Dec Time
2:1:0:1,2:0:0:1,1,Dec Time
2:1:0:2,2:0:0:2,1,Dec Time
2:1:0:3,2:0:0:3,1,Dec Time
2:1:1:1,2:0:1:1,1,Dec Time
2:1:1:2,2:0:1:2,1,Dec Time
2:1:1:3,2:0:1:3,1,Dec Time
2:1:2:1,2:0:2:1,1,Dec Time
2:1:2:2,2:0:2:2,1,Dec Time
2:1:2:3,2:0:2:3,1,Dec Time
2:1:2:4,2:0:2:4,1,Dec Time
2:1:3:1,2:0:3:1,1,Dec Time
2:1:3:2,2:0:3:2,1,Dec Time
2:1:3:3,2:0:3:3,1,Dec Time
2:1:3:4,2:0:3:4,1,Dec Time
2:1:4:2,2:0:4:2,1,Dec Time
2:1:4:3,2:0:4:3,1,Dec Time
2:1:4:4,2:0:4:4,1,Dec Time
2:2:0:1,2:1:0:1,1,Dec Time
2:2:0:2,2:1:0:2,1,Dec Time
2:2:0:3,2:1:0:3,1,Dec Time
2:2:1:1,2:1:1:1,1,Dec Time
2:2:1:2,2:1:1:2,1,Dec Time
2:2:1:3,2:1:1:3,1,Dec Time
2:2:2:1,2:1:2:1,1,Dec Time
2:2:2:2,2:1:2:2,1,Dec Time
2:2:2:3,2:1:2:3,1,Dec Time
2:2:2:4,2:1:2:4,1,Dec Time
2:2:3:1,2:1:3:1,1,Dec Time
2:2:3:2,2:1:3:2,1,Dec Time
2:2:3:3,2:1:3:3,1,Dec Time
2:2:3:4,2:1:3:4,1,Dec Time
2:2:4:2,2:1:4:2,1,Dec Time
2:2:4:3,2:1:4:3,1,Dec Time
2:2:4:4,2:1:4:4,1,Dec Time
2:3:0:1,2:2:0:1,1,Dec Time
2:3:0:2,2:2:0:2,1,Dec Time
2:3:0:3,2:2:0:3,1,Dec Time
2:3:1:1,2:2:1:1,1,Dec Time
2:3:1:2,2:2:1:2,1,Dec Time
2:3:1:3,2:2:1:3,1,Dec Time
2:3:2:1,2:2:2:1,1,Dec Time
2:3:2:2,2:2:2:2,1,Dec Time
2:3:2:3,2:2:2:3,1,Dec Time
2:3:2:4,2:2:2:4,1,Dec Time
2:3:3:1,2:2:3:1,1,Dec Time
2:3:3:2,2:2:3:2,1,Dec Time
2:3:3:3,2:2:3:3,1,Dec Time
2:3:3:4,2:2:3:4,1,Dec Time
2:3:4:2,2:2:4:2,1,Dec Time
2:3:4:3,2:2:4:3,1,Dec Time
2:3:4:4,2:2:4:4,1,Dec Time
2:4:0:1,2:3:0:1,1,Dec Time
2:4:0:2,2:3:0:2,1,Dec Time
2:4:0:3,2:3:0:3,1,Dec Time
2:4:1:1,2:3:1:1,1,Dec Time
2:4:1:2,2:3:1:2,1,Dec Time
2:4:1:3,2:3:1:3,1,Dec Time
2:4:2:1,2:3:2:1,1,Dec Time
2:4:2:2,2:3:2:2,1,Dec Time
2:4:2:3,2:3:2:3,1,Dec Time
2:4:3:1,2:3:3:1,1,Dec Time
2:4:3:2,2:3:3:2,1,Dec Time
2:4:3:3,2:3:3:3,1,Dec Time
2:4:4:3,2:3:4:3,1,Dec Time
3:1:0:2,3:0:0:2,1,Dec Time
3:1:0:3,3:0:0:3,1,Dec Time
3:1:1:2,3:0:1:2,1,Dec Time
3:1:1:3,3:0:1:3,1,Dec Time
3:1:1:4,3:0:1:4,1,Dec Time
3:1:2:2,3:0:2:2,1,Dec Time
3:1:2:3,3:0:2:3,1,Dec Time
3:1:2:4,3:0:2:4,1,Dec Time
3:1:3:2,3:0:3:2,1,Dec Time
3:1:3:3,3:0:3:3,1,Dec Time
3:1:3:4,3:0:3:4,1,Dec Time
3:1:4:2,3:0:4:2,1,Dec Time
3:1:4:3,3:0:4:3,1,Dec Time
3:1:4:4,3:0:4:4,1,Dec Time
3:2:0:2,3:1:0:2,1,Dec Time
3:2:0:3,3:1:0:3,1,Dec Time
3:2:0:4,3:1:0:4,1,Dec Time
3:2:1:2,3:1:1:2,1,Dec Time
3:2:1:3,3:1:1:3,1,Dec Time
3:2:1:4,3:1:1:4,1,Dec Time
3:2:2:2,3:1:2:2,1,Dec Time
3:2:2:3,3:1:2:3,1,Dec Time
3:2:2:4,3:1:2:4,1,Dec Time
3:2:3:2,3:1:3:2,1,Dec Time
3:2:3:3,3:1:3:3,1,Dec Time
3:2:3:4,3:1:3:4,1,Dec Time
3:2:4:2,3:1:4:2,1,Dec Time
3:2:4:3,3:1:4:3,1,Dec Time
3:2:4:4,3:1:4:4,1,Dec Time
3:3:0:2,3:2:0:2,1,Dec Time
3:3:0:3,3:2:0:3,1,Dec Time
3:3:0:4,3:2:0:4,1,Dec Time
3:3:1:2,3:2:1:2,1,Dec Time
3:3:1:3,3:2:1:3,1,Dec Time
3:3:1:4,3:2:1:4,1,Dec Time
3:3:2:2,3:2:2:2,1,Dec Time
3:3:2:3,3:2:2:3,1,Dec Time
3:3:2:4,3:2:2:4,1,Dec Time
3:3:3:2,3:2:3:2,1,Dec Time
3:3:3:3,3:2:3:3,1,Dec Time
3:3:3:4,3:2:3:4,1,Dec Time
3:3:4:2,3:2:4:2,1,Dec Time
3:3:4:3,3:2:4:3,1,Dec Time
3:3:4:4,3:2:4:4,1,Dec Time
3:4:0:2,3:3:0:2,1,Dec Time
3:4:0:3,3:3:0:3,1,Dec Time
3:4:1:2,3:3:1:2,1,Dec Time
3:4:1:3,3:3:1:3,1,Dec Time
3:4:1:4,3:3:1:4,1,Dec Time
3:4:2:2,3:3:2:2,1,Dec Time
3:4:2:3,3:3:2:3,1,Dec Time
3:4:2:4,3:3:2:4,1,Dec Time
3:4:3:2,3:3:3:2,1,Dec Time
3:4:3:3,3:3:3:3,1,Dec Time
3:4:3:4,3:3:3:4,1,Dec Time
3:4:4:3,3:3:4:3,1,Dec Time
4:1:0:3,4:0:0:3,1,Dec Time
4:1:0:4,4:0:0:4,1,Dec Time
4:1:1:3,4:0:1:3,1,Dec Time
4:1:1:4,4:0:1:4,1,Dec Time
4:1:2:3,4:0:2:3,1,Dec Time
4:1:2:4,4:0:2:4,1,Dec Time
4:1:3:3,4:0:3:3,1,Dec Time
4:1:3:4,4:0:3:4,1,Dec Time
4:1:4:3,4:0:4:3,1,Dec Time
4:1:4:4,4:0:4:4,1,Dec Time
4:2:0:3,4:1:0:3,1,Dec Time
4:2:0:4,4:1:0:4,1,Dec Time
4:2:1:3,4:1:1:3,1,Dec Time
4:2:1:4,4:1:1:4,1,Dec Time
4:2:2:3,4:1:2:3,1,Dec Time
4:2:2:4,4:1:2:4,1,Dec Time
4:2:3:3,4:1:3:3,1,Dec Time
4:2:3:4,4:1:3:4,1,Dec Time
4:2:4:3,4:1:4:3,1,Dec Time
4:2:4:4,4:1:4:4,1,Dec Time
4:3:0:3,4:2:0:3,1,Dec Time
4:3:0:4,4:2:0:4,1,Dec Time
4:3:1:3,4:2:1:3,1,Dec Time
4:3:1:4,4:2:1:4,1,Dec Time
4:3:2:3,4:2:2:3,1,Dec Time
4:3:2:4,4:2:2:4,1,Dec Time
4:3:3:3,4:2:3:3,1,Dec Time
4:3:3:4,4:2:3:4,1,Dec Time
4:3:4:3,4:2:4:3,1,Dec Time
4:3:4:4,4:2:4:4,1,Dec Time
4:4:0:3,4:3:0:3,1,Dec Time
4:4:0:4,4:3:0:4,1,Dec Time
4:4:1:3,4:3:1:3,1,Dec Time
4:4:1:4,4:3:1:4,1,Dec Time
4:4:2:3,4:3:2:3,1,Dec Time
4:4:2:4,4:3:2:4,1,Dec Time
4:4:3:3,4:3:3:3,1,Dec Time
4:4:3:4,4:3:3:4,1,Dec Time
